School Year,Subject,Grade,Disadvantaged,Test Source,Test,Total Count,Pass Rate
2005-2006,Mathematics,8,N,SOL,Algebra I,"          20,712",    98.91
2005-2006,Mathematics,8,N,SOL,Geometry,"           4,374",    99.47
2005-2006,Mathematics,8,N,SOL,Mathematics,"          41,797",    77.14
2005-2006,Mathematics,8,Y,SOL,Algebra I,"           3,247",    95.63
2005-2006,Mathematics,8,Y,SOL,Geometry,             444,    92.79
2005-2006,Mathematics,8,Y,SOL,Mathematics,"          23,464",    60.42
2006-2007,Mathematics,8,N,SOL,Algebra I,"          20,765",    99.26
2006-2007,Mathematics,8,N,SOL,Geometry,"           4,938",    99.31
2006-2007,Mathematics,8,N,SOL,Mathematics,"          39,664",    78.54
2006-2007,Mathematics,8,Y,SOL,Algebra I,"           3,638",    96.18
2006-2007,Mathematics,8,Y,SOL,Geometry,             578,    94.29
2006-2007,Mathematics,8,Y,SOL,Mathematics,"          24,149",    60.88
2007-2008,Mathematics,8,N,SOL,Algebra I,"          22,023",    99.40
2007-2008,Mathematics,8,N,SOL,Geometry,"           5,397",100.00
2007-2008,Mathematics,8,N,SOL,Mathematics,"          36,741",    84.36
2007-2008,Mathematics,8,Y,SOL,Algebra I,"           4,239",    97.90
2007-2008,Mathematics,8,Y,SOL,Geometry,             596,    96.98
2007-2008,Mathematics,8,Y,SOL,Mathematics,"          22,055",    69.58
2008-2009,Mathematics,8,N,SOL,Algebra I,"          24,176",    99.44
2008-2009,Mathematics,8,N,SOL,Geometry,"           5,693",100.00
2008-2009,Mathematics,8,N,SOL,Mathematics,"          29,309",    85.02
2008-2009,Mathematics,8,Y,SOL,Algebra I,"           5,848",    96.65
2008-2009,Mathematics,8,Y,SOL,Geometry,             768,    96.88
2008-2009,Mathematics,8,Y,SOL,Mathematics,"          19,563",    73.50
2009-2010,Mathematics,8,N,SOL,Algebra I,"          26,198",    99.34
2009-2010,Mathematics,8,N,SOL,Geometry,"           6,544",100.00
2009-2010,Mathematics,8,N,SOL,Mathematics,"          24,004",    87.35
2009-2010,Mathematics,8,Y,SOL,Algebra I,"           7,303",    97.60
2009-2010,Mathematics,8,Y,SOL,Geometry,"           1,165",    95.62
2009-2010,Mathematics,8,Y,SOL,Mathematics,"          19,950",    75.89
2010-2011,Mathematics,8,N,SOL,Algebra I,"          26,737",    99.42
2010-2011,Mathematics,8,N,SOL,Geometry,"           7,442",100.00
2010-2011,Mathematics,8,N,SOL,Mathematics,"          22,420",    83.20
2010-2011,Mathematics,8,Y,SOL,Algebra I,"           9,002",    97.28
2010-2011,Mathematics,8,Y,SOL,Geometry,"           1,576",    92.45
2010-2011,Mathematics,8,Y,SOL,Mathematics,"          19,847",    70.44
2011-2012,Mathematics,8,N,SOL,Algebra I,"          27,712",    91.80
2011-2012,Mathematics,8,N,SOL,Geometry,"           8,526",    98.12
2011-2012,Mathematics,8,N,SOL,Mathematics,"          19,808",    58.25
2011-2012,Mathematics,8,Y,SOL,Algebra I,"          10,500",    79.09
2011-2012,Mathematics,8,Y,SOL,Geometry,"           1,934",    84.80
2011-2012,Mathematics,8,Y,SOL,Mathematics,"          20,089",    40.58
2012-2013,Mathematics,8,N,SOL,Algebra I,"          25,990",    92.79
2012-2013,Mathematics,8,N,SOL,Geometry,"           9,942",    97.73
2012-2013,Mathematics,8,N,SOL,Mathematics,"          19,602",    60.36
2012-2013,Mathematics,8,Y,SOL,Algebra I,"           9,933",    80.24
2012-2013,Mathematics,8,Y,SOL,Geometry,"           2,377",    86.37
2012-2013,Mathematics,8,Y,SOL,Mathematics,"          21,518",    42.56
2013-2014,Mathematics,8,N,SOL,Algebra I,"          25,801",    94.34
2013-2014,Mathematics,8,N,SOL,Geometry,"           9,818",    98.86
2013-2014,Mathematics,8,N,SOL,Mathematics,"          20,046",    65.78
2013-2014,Mathematics,8,Y,SOL,Algebra I,"          10,240",    84.74
2013-2014,Mathematics,8,Y,SOL,Geometry,"           2,214",    91.37
2013-2014,Mathematics,8,Y,SOL,Mathematics,"          23,158",    48.63
2014-2015,Mathematics,8,N,SOL,Algebra I,"          25,626",    95.06
2014-2015,Mathematics,8,N,SOL,Geometry,"           9,678",    98.77
2014-2015,Mathematics,8,N,SOL,Mathematics,"          21,046",    74.59
2014-2015,Mathematics,8,Y,SOL,Algebra I,"           9,894",    85.32
2014-2015,Mathematics,8,Y,SOL,Geometry,"           1,984",    89.72
2014-2015,Mathematics,8,Y,SOL,Mathematics,"          23,774",    57.76
2015-2016,Mathematics,8,N,SOL,Algebra I,"          25,922",    95.38
2015-2016,Mathematics,8,N,SOL,Geometry,"           9,769",    99.22
2015-2016,Mathematics,8,N,SOL,Mathematics,"          20,801",    73.24
2015-2016,Mathematics,8,Y,SOL,Algebra I,"           9,986",    86.05
2015-2016,Mathematics,8,Y,SOL,Geometry,"           1,963",    90.88
2015-2016,Mathematics,8,Y,SOL,Mathematics,"          23,576",    56.74
2016-2017,Mathematics,8,N,SOL,Algebra I,"          26,453",    95.11
2016-2017,Mathematics,8,N,SOL,Geometry,"          10,283",    99.10
2016-2017,Mathematics,8,N,SOL,Mathematics,"          20,763",    73.69
2016-2017,Mathematics,8,Y,SOL,Algebra I,"          10,205",    86.05
2016-2017,Mathematics,8,Y,SOL,Geometry,"           1,741",    93.91
2016-2017,Mathematics,8,Y,SOL,Mathematics,"          22,482",    57.09
2017-2018,Mathematics,8,N,SOL,Algebra I,"          25,377",    94.22
2017-2018,Mathematics,8,N,SOL,Geometry,"          11,181",    99.04
2017-2018,Mathematics,8,N,SOL,Mathematics,"          20,558",    70.76
2017-2018,Mathematics,8,Y,SOL,Algebra I,"          10,901",    85.29
2017-2018,Mathematics,8,Y,SOL,Geometry,"           2,022",    95.99
2017-2018,Mathematics,8,Y,SOL,Mathematics,"          23,830",    54.01
2018-2019,Mathematics,8,N,SOL,Algebra I,"          24,146",    96.41
2018-2019,Mathematics,8,N,SOL,Geometry,"          11,206",    99.32
2018-2019,Mathematics,8,N,SOL,Mathematics,"          20,544",    75.74
2018-2019,Mathematics,8,Y,SOL,Algebra I,"          11,043",    89.93
2018-2019,Mathematics,8,Y,SOL,Geometry,"           2,008",    96.36
2018-2019,Mathematics,8,Y,SOL,Mathematics,"          24,310",    60.70
2020-2021,Mathematics,8,N,SOL,Algebra I,"          18,256",    79.38
2020-2021,Mathematics,8,N,SOL,Geometry,"           8,786",    92.74
2020-2021,Mathematics,8,N,SOL,Mathematics,"          14,413",    35.91
2020-2021,Mathematics,8,Y,SOL,Algebra I,"           8,328",    62.92
2020-2021,Mathematics,8,Y,SOL,Geometry,"           1,570",    80.00
2020-2021,Mathematics,8,Y,SOL,Mathematics,"          17,508",    22.40
2021-2022,Mathematics,8,N,SOL,Algebra I,"          20,935",    92.73
2021-2022,Mathematics,8,N,SOL,Geometry,"          10,012",    96.77
2021-2022,Mathematics,8,N,SOL,Mathematics,"          23,854",    55.29
2021-2022,Mathematics,8,Y,SOL,Algebra I,"           9,861",    82.57
2021-2022,Mathematics,8,Y,SOL,Geometry,"           1,824",    90.19
2021-2022,Mathematics,8,Y,SOL,Mathematics,"          28,966",    38.38
2022-2023,Mathematics,8,N,SOL,Algebra I,"          21,988",    93.22
2022-2023,Mathematics,8,N,SOL,Geometry,"           8,837",    96.83
2022-2023,Mathematics,8,N,SOL,Mathematics,"          22,451",    57.73
2022-2023,Mathematics,8,Y,SOL,Algebra I,"          10,311",    81.83
2022-2023,Mathematics,8,Y,SOL,Geometry,"           1,589",    85.90
2022-2023,Mathematics,8,Y,SOL,Mathematics,"          28,010",    40.96
2023-2024,Mathematics,8,N,SOL,Algebra I,"          21,933",    95.09
2023-2024,Mathematics,8,N,SOL,Geometry,"           8,304",    97.76
2023-2024,Mathematics,8,N,SOL,Mathematics,"          22,281",    59.23
2023-2024,Mathematics,8,Y,SOL,Algebra I,"          10,242",    85.60
2023-2024,Mathematics,8,Y,SOL,Geometry,"           1,540",    90.71
2023-2024,Mathematics,8,Y,SOL,Mathematics,"          27,140",    42.59
2024-2025,Mathematics,8,N,SOL,Algebra I,"          22,084",    95.25
2024-2025,Mathematics,8,N,SOL,Geometry,"           8,893",    98.20
2024-2025,Mathematics,8,N,SOL,Mathematics,"          23,305",    59.15
2024-2025,Mathematics,8,Y,SOL,Algebra I,"           9,876",    84.36
2024-2025,Mathematics,8,Y,SOL,Geometry,"           1,687",    89.03
2024-2025,Mathematics,8,Y,SOL,Mathematics,"          25,382",    42.49
