School Year,Division Number,Division Name,School Number,School Name,Subject,Grade,English Learners,Test Source,Test,Total Count,Pass Rate
2005-2006,2,Albemarle County ,950,Jack Jouett Middle,Mathematics,8,N,SOL,Algebra I,              57,    94.74
2005-2006,2,Albemarle County ,950,Jack Jouett Middle,Mathematics,8,Y,SOL,Algebra I,<,>50
2005-2006,2,Albemarle County ,950,Jack Jouett Middle,Mathematics,8,N,SOL,Geometry,              14,100.00
2005-2006,2,Albemarle County ,950,Jack Jouett Middle,Mathematics,8,N,SOL,Mathematics,             157,    80.25
2005-2006,2,Albemarle County ,950,Jack Jouett Middle,Mathematics,8,Y,SOL,Mathematics,              13,    76.92
2005-2006,2,Albemarle County ,69,Jackson P. Burley Middle,Mathematics,8,N,SOL,Algebra I,              15,100.00
2005-2006,2,Albemarle County ,69,Jackson P. Burley Middle,Mathematics,8,N,SOL,Geometry,              23,100.00
2005-2006,2,Albemarle County ,69,Jackson P. Burley Middle,Mathematics,8,N,SOL,Mathematics,              99,    83.84
2005-2006,2,Albemarle County ,69,Jackson P. Burley Middle,Mathematics,8,Y,SOL,Mathematics,<,>50
2005-2006,2,Albemarle County ,942,Joseph T. Henley Middle,Mathematics,8,N,SOL,Algebra I,              87,100.00
2005-2006,2,Albemarle County ,942,Joseph T. Henley Middle,Mathematics,8,N,SOL,Geometry,              28,100.00
2005-2006,2,Albemarle County ,942,Joseph T. Henley Middle,Mathematics,8,Y,SOL,Geometry,<,>50
2005-2006,2,Albemarle County ,942,Joseph T. Henley Middle,Mathematics,8,N,SOL,Mathematics,             228,    87.72
2005-2006,2,Albemarle County ,942,Joseph T. Henley Middle,Mathematics,8,Y,SOL,Mathematics,<,>50
2005-2006,2,Albemarle County ,20,Leslie H. Walton Middle,Mathematics,8,N,SOL,Algebra I,              48,100.00
2005-2006,2,Albemarle County ,20,Leslie H. Walton Middle,Mathematics,8,Y,SOL,Algebra I,<,>50
2005-2006,2,Albemarle County ,20,Leslie H. Walton Middle,Mathematics,8,N,SOL,Geometry,              26,100.00
2005-2006,2,Albemarle County ,20,Leslie H. Walton Middle,Mathematics,8,Y,SOL,Geometry,<,>50
2005-2006,2,Albemarle County ,20,Leslie H. Walton Middle,Mathematics,8,N,SOL,Mathematics,             154,    81.17
2005-2006,2,Albemarle County ,20,Leslie H. Walton Middle,Mathematics,8,Y,SOL,Mathematics,              10,    60.00
2005-2006,2,Albemarle County ,1051,Mortimer Y. Sutherland Middle,Mathematics,8,N,SOL,Algebra I,              57,100.00
2005-2006,2,Albemarle County ,1051,Mortimer Y. Sutherland Middle,Mathematics,8,Y,SOL,Algebra I,<,>50
2005-2006,2,Albemarle County ,1051,Mortimer Y. Sutherland Middle,Mathematics,8,N,SOL,Geometry,              37,100.00
2005-2006,2,Albemarle County ,1051,Mortimer Y. Sutherland Middle,Mathematics,8,N,SOL,Mathematics,             212,    92.45
2005-2006,2,Albemarle County ,1051,Mortimer Y. Sutherland Middle,Mathematics,8,Y,SOL,Mathematics,<,>50
2006-2007,2,Albemarle County ,950,Jack Jouett Middle,Mathematics,8,N,SOL,Algebra I,              54,    96.30
2006-2007,2,Albemarle County ,950,Jack Jouett Middle,Mathematics,8,N,SOL,Geometry,              25,100.00
2006-2007,2,Albemarle County ,950,Jack Jouett Middle,Mathematics,8,Y,SOL,Geometry,<,>50
2006-2007,2,Albemarle County ,950,Jack Jouett Middle,Mathematics,8,N,SOL,Mathematics,              80,    81.25
2006-2007,2,Albemarle County ,950,Jack Jouett Middle,Mathematics,8,Y,SOL,Mathematics,<,>50
2006-2007,2,Albemarle County ,69,Jackson P. Burley Middle,Mathematics,8,N,SOL,Algebra I,              31,100.00
2006-2007,2,Albemarle County ,69,Jackson P. Burley Middle,Mathematics,8,Y,SOL,Algebra I,<,>50
2006-2007,2,Albemarle County ,69,Jackson P. Burley Middle,Mathematics,8,N,SOL,Geometry,              21,100.00
2006-2007,2,Albemarle County ,69,Jackson P. Burley Middle,Mathematics,8,N,SOL,Mathematics,              91,    54.95
2006-2007,2,Albemarle County ,69,Jackson P. Burley Middle,Mathematics,8,Y,SOL,Mathematics,<,>50
2006-2007,2,Albemarle County ,942,Joseph T. Henley Middle,Mathematics,8,N,SOL,Algebra I,              84,100.00
2006-2007,2,Albemarle County ,942,Joseph T. Henley Middle,Mathematics,8,Y,SOL,Algebra I,<,>50
2006-2007,2,Albemarle County ,942,Joseph T. Henley Middle,Mathematics,8,N,SOL,Geometry,              25,100.00
2006-2007,2,Albemarle County ,942,Joseph T. Henley Middle,Mathematics,8,Y,SOL,Geometry,<,>50
2006-2007,2,Albemarle County ,942,Joseph T. Henley Middle,Mathematics,8,N,SOL,Mathematics,              84,    85.71
2006-2007,2,Albemarle County ,942,Joseph T. Henley Middle,Mathematics,8,Y,SOL,Mathematics,<,<50
2006-2007,2,Albemarle County ,20,Leslie H. Walton Middle,Mathematics,8,N,SOL,Algebra I,              42,100.00
2006-2007,2,Albemarle County ,20,Leslie H. Walton Middle,Mathematics,8,N,SOL,Geometry,              16,100.00
2006-2007,2,Albemarle County ,20,Leslie H. Walton Middle,Mathematics,8,Y,SOL,Geometry,<,>50
2006-2007,2,Albemarle County ,20,Leslie H. Walton Middle,Mathematics,8,N,SOL,Mathematics,              70,    38.57
2006-2007,2,Albemarle County ,20,Leslie H. Walton Middle,Mathematics,8,Y,SOL,Mathematics,<,>50
2006-2007,2,Albemarle County ,1051,Mortimer Y. Sutherland Middle,Mathematics,8,N,SOL,Algebra I,              58,100.00
2006-2007,2,Albemarle County ,1051,Mortimer Y. Sutherland Middle,Mathematics,8,N,SOL,Geometry,              44,100.00
2006-2007,2,Albemarle County ,1051,Mortimer Y. Sutherland Middle,Mathematics,8,N,SOL,Mathematics,              95,    81.05
2006-2007,2,Albemarle County ,1051,Mortimer Y. Sutherland Middle,Mathematics,8,Y,SOL,Mathematics,<,>50
2007-2008,2,Albemarle County ,950,Jack Jouett Middle,Mathematics,8,N,SOL,Algebra I,              62,    98.39
2007-2008,2,Albemarle County ,950,Jack Jouett Middle,Mathematics,8,Y,SOL,Algebra I,<,>50
2007-2008,2,Albemarle County ,950,Jack Jouett Middle,Mathematics,8,N,SOL,Geometry,              28,100.00
2007-2008,2,Albemarle County ,950,Jack Jouett Middle,Mathematics,8,Y,SOL,Geometry,<,>50
2007-2008,2,Albemarle County ,950,Jack Jouett Middle,Mathematics,8,N,SOL,Mathematics,              60,    91.67
2007-2008,2,Albemarle County ,950,Jack Jouett Middle,Mathematics,8,Y,SOL,Mathematics,              12,    83.33
2007-2008,2,Albemarle County ,69,Jackson P. Burley Middle,Mathematics,8,N,SOL,Algebra I,              45,100.00
2007-2008,2,Albemarle County ,69,Jackson P. Burley Middle,Mathematics,8,Y,SOL,Algebra I,<,>50
2007-2008,2,Albemarle County ,69,Jackson P. Burley Middle,Mathematics,8,N,SOL,Geometry,              21,100.00
2007-2008,2,Albemarle County ,69,Jackson P. Burley Middle,Mathematics,8,N,SOL,Mathematics,              62,    91.94
2007-2008,2,Albemarle County ,69,Jackson P. Burley Middle,Mathematics,8,Y,SOL,Mathematics,              12,    83.33
2007-2008,2,Albemarle County ,942,Joseph T. Henley Middle,Mathematics,8,N,SOL,Algebra I,              78,100.00
2007-2008,2,Albemarle County ,942,Joseph T. Henley Middle,Mathematics,8,Y,SOL,Algebra I,<,>50
2007-2008,2,Albemarle County ,942,Joseph T. Henley Middle,Mathematics,8,N,SOL,Geometry,              34,100.00
2007-2008,2,Albemarle County ,942,Joseph T. Henley Middle,Mathematics,8,Y,SOL,Geometry,<,>50
2007-2008,2,Albemarle County ,942,Joseph T. Henley Middle,Mathematics,8,N,SOL,Mathematics,             111,    85.59
2007-2008,2,Albemarle County ,942,Joseph T. Henley Middle,Mathematics,8,Y,SOL,Mathematics,<,>50
2007-2008,2,Albemarle County ,20,Leslie H. Walton Middle,Mathematics,8,N,SOL,Algebra I,              35,100.00
2007-2008,2,Albemarle County ,20,Leslie H. Walton Middle,Mathematics,8,N,SOL,Geometry,              27,100.00
2007-2008,2,Albemarle County ,20,Leslie H. Walton Middle,Mathematics,8,N,SOL,Mathematics,              80,    71.25
2007-2008,2,Albemarle County ,20,Leslie H. Walton Middle,Mathematics,8,Y,SOL,Mathematics,<,>50
2007-2008,2,Albemarle County ,1051,Mortimer Y. Sutherland Middle,Mathematics,8,N,SOL,Algebra I,              48,100.00
2007-2008,2,Albemarle County ,1051,Mortimer Y. Sutherland Middle,Mathematics,8,Y,SOL,Algebra I,<,>50
2007-2008,2,Albemarle County ,1051,Mortimer Y. Sutherland Middle,Mathematics,8,N,SOL,Geometry,              51,100.00
2007-2008,2,Albemarle County ,1051,Mortimer Y. Sutherland Middle,Mathematics,8,Y,SOL,Geometry,<,>50
2007-2008,2,Albemarle County ,1051,Mortimer Y. Sutherland Middle,Mathematics,8,N,SOL,Mathematics,              62,    82.26
2008-2009,2,Albemarle County ,950,Jack Jouett Middle,Mathematics,8,N,SOL,Algebra I,              76,100.00
2008-2009,2,Albemarle County ,950,Jack Jouett Middle,Mathematics,8,Y,SOL,Algebra I,<,>50
2008-2009,2,Albemarle County ,950,Jack Jouett Middle,Mathematics,8,N,SOL,Geometry,              31,100.00
2008-2009,2,Albemarle County ,950,Jack Jouett Middle,Mathematics,8,N,SOL,Mathematics,              52,    86.54
2008-2009,2,Albemarle County ,950,Jack Jouett Middle,Mathematics,8,Y,SOL,Mathematics,<,>50
2008-2009,2,Albemarle County ,69,Jackson P. Burley Middle,Mathematics,8,N,SOL,Algebra I,              35,100.00
2008-2009,2,Albemarle County ,69,Jackson P. Burley Middle,Mathematics,8,Y,SOL,Algebra I,<,>50
2008-2009,2,Albemarle County ,69,Jackson P. Burley Middle,Mathematics,8,N,SOL,Geometry,              10,100.00
2008-2009,2,Albemarle County ,69,Jackson P. Burley Middle,Mathematics,8,Y,SOL,Geometry,<,>50
2008-2009,2,Albemarle County ,69,Jackson P. Burley Middle,Mathematics,8,N,SOL,Mathematics,              83,    97.59
2008-2009,2,Albemarle County ,69,Jackson P. Burley Middle,Mathematics,8,Y,SOL,Mathematics,              13,100.00
2008-2009,2,Albemarle County ,942,Joseph T. Henley Middle,Mathematics,8,N,SOL,Algebra I,              79,100.00
2008-2009,2,Albemarle County ,942,Joseph T. Henley Middle,Mathematics,8,N,SOL,Geometry,              59,100.00
2008-2009,2,Albemarle County ,942,Joseph T. Henley Middle,Mathematics,8,N,SOL,Mathematics,             104,    94.23
2008-2009,2,Albemarle County ,942,Joseph T. Henley Middle,Mathematics,8,Y,SOL,Mathematics,<,>50
2008-2009,2,Albemarle County ,20,Leslie H. Walton Middle,Mathematics,8,N,SOL,Algebra I,              23,100.00
2008-2009,2,Albemarle County ,20,Leslie H. Walton Middle,Mathematics,8,N,SOL,Geometry,              22,100.00
2008-2009,2,Albemarle County ,20,Leslie H. Walton Middle,Mathematics,8,N,SOL,Mathematics,              53,    83.02
2008-2009,2,Albemarle County ,20,Leslie H. Walton Middle,Mathematics,8,Y,SOL,Mathematics,<,>50
2008-2009,2,Albemarle County ,1051,Mortimer Y. Sutherland Middle,Mathematics,8,N,SOL,Algebra I,              64,100.00
2008-2009,2,Albemarle County ,1051,Mortimer Y. Sutherland Middle,Mathematics,8,Y,SOL,Algebra I,<,>50
2008-2009,2,Albemarle County ,1051,Mortimer Y. Sutherland Middle,Mathematics,8,N,SOL,Geometry,              47,100.00
2008-2009,2,Albemarle County ,1051,Mortimer Y. Sutherland Middle,Mathematics,8,N,SOL,Mathematics,              66,    98.48
2008-2009,2,Albemarle County ,1051,Mortimer Y. Sutherland Middle,Mathematics,8,Y,SOL,Mathematics,<,>50
2009-2010,2,Albemarle County ,950,Jack Jouett Middle,Mathematics,8,N,SOL,Algebra I,              60,100.00
2009-2010,2,Albemarle County ,950,Jack Jouett Middle,Mathematics,8,Y,SOL,Algebra I,<,>50
2009-2010,2,Albemarle County ,950,Jack Jouett Middle,Mathematics,8,N,SOL,Geometry,              33,100.00
2009-2010,2,Albemarle County ,950,Jack Jouett Middle,Mathematics,8,Y,SOL,Geometry,<,>50
2009-2010,2,Albemarle County ,950,Jack Jouett Middle,Mathematics,8,N,SOL,Mathematics,              45,    93.33
2009-2010,2,Albemarle County ,950,Jack Jouett Middle,Mathematics,8,Y,SOL,Mathematics,<,>50
2009-2010,2,Albemarle County ,69,Jackson P. Burley Middle,Mathematics,8,N,SOL,Algebra I,              57,100.00
2009-2010,2,Albemarle County ,69,Jackson P. Burley Middle,Mathematics,8,N,SOL,Geometry,              20,100.00
2009-2010,2,Albemarle County ,69,Jackson P. Burley Middle,Mathematics,8,N,SOL,Mathematics,              58,    94.83
2009-2010,2,Albemarle County ,69,Jackson P. Burley Middle,Mathematics,8,Y,SOL,Mathematics,<,>50
2009-2010,2,Albemarle County ,942,Joseph T. Henley Middle,Mathematics,8,N,SOL,Algebra I,              88,100.00
2009-2010,2,Albemarle County ,942,Joseph T. Henley Middle,Mathematics,8,Y,SOL,Algebra I,<,>50
2009-2010,2,Albemarle County ,942,Joseph T. Henley Middle,Mathematics,8,N,SOL,Geometry,              54,100.00
2009-2010,2,Albemarle County ,942,Joseph T. Henley Middle,Mathematics,8,N,SOL,Mathematics,              84,    91.67
2009-2010,2,Albemarle County ,20,Leslie H. Walton Middle,Mathematics,8,N,SOL,Algebra I,              41,100.00
2009-2010,2,Albemarle County ,20,Leslie H. Walton Middle,Mathematics,8,N,SOL,Geometry,              24,100.00
2009-2010,2,Albemarle County ,20,Leslie H. Walton Middle,Mathematics,8,N,SOL,Mathematics,              51,    82.35
2009-2010,2,Albemarle County ,20,Leslie H. Walton Middle,Mathematics,8,Y,SOL,Mathematics,<,>50
2009-2010,2,Albemarle County ,1051,Mortimer Y. Sutherland Middle,Mathematics,8,N,SOL,Algebra I,              64,100.00
2009-2010,2,Albemarle County ,1051,Mortimer Y. Sutherland Middle,Mathematics,8,N,SOL,Geometry,              50,100.00
2009-2010,2,Albemarle County ,1051,Mortimer Y. Sutherland Middle,Mathematics,8,N,SOL,Mathematics,              61,    95.08
2010-2011,2,Albemarle County ,1060,Albemarle County Community Public Charter,Mathematics,8,N,SOL,Mathematics,              14,    85.71
2010-2011,2,Albemarle County ,950,Jack Jouett Middle,Mathematics,8,N,SOL,Algebra I,              84,100.00
2010-2011,2,Albemarle County ,950,Jack Jouett Middle,Mathematics,8,Y,SOL,Algebra I,<,>50
2010-2011,2,Albemarle County ,950,Jack Jouett Middle,Mathematics,8,N,SOL,Geometry,              41,100.00
2010-2011,2,Albemarle County ,950,Jack Jouett Middle,Mathematics,8,N,SOL,Mathematics,              57,    91.23
2010-2011,2,Albemarle County ,950,Jack Jouett Middle,Mathematics,8,Y,SOL,Mathematics,              11,    90.91
2010-2011,2,Albemarle County ,69,Jackson P. Burley Middle,Mathematics,8,N,SOL,Algebra I,              53,100.00
2010-2011,2,Albemarle County ,69,Jackson P. Burley Middle,Mathematics,8,Y,SOL,Algebra I,<,>50
2010-2011,2,Albemarle County ,69,Jackson P. Burley Middle,Mathematics,8,N,SOL,Geometry,              17,100.00
2010-2011,2,Albemarle County ,69,Jackson P. Burley Middle,Mathematics,8,Y,SOL,Geometry,<,>50
2010-2011,2,Albemarle County ,69,Jackson P. Burley Middle,Mathematics,8,N,SOL,Mathematics,              64,    81.25
2010-2011,2,Albemarle County ,69,Jackson P. Burley Middle,Mathematics,8,Y,SOL,Mathematics,<,>50
2010-2011,2,Albemarle County ,942,Joseph T. Henley Middle,Mathematics,8,N,SOL,Algebra I,              95,100.00
2010-2011,2,Albemarle County ,942,Joseph T. Henley Middle,Mathematics,8,N,SOL,Geometry,              50,100.00
2010-2011,2,Albemarle County ,942,Joseph T. Henley Middle,Mathematics,8,N,SOL,Mathematics,             100,    94.00
2010-2011,2,Albemarle County ,942,Joseph T. Henley Middle,Mathematics,8,Y,SOL,Mathematics,<,>50
2010-2011,2,Albemarle County ,20,Leslie H. Walton Middle,Mathematics,8,N,SOL,Algebra I,              48,100.00
2010-2011,2,Albemarle County ,20,Leslie H. Walton Middle,Mathematics,8,N,SOL,Geometry,              18,100.00
2010-2011,2,Albemarle County ,20,Leslie H. Walton Middle,Mathematics,8,N,SOL,Mathematics,              45,    80.00
2010-2011,2,Albemarle County ,20,Leslie H. Walton Middle,Mathematics,8,Y,SOL,Mathematics,<,>50
2010-2011,2,Albemarle County ,1051,Mortimer Y. Sutherland Middle,Mathematics,8,N,SOL,Algebra I,              67,100.00
2010-2011,2,Albemarle County ,1051,Mortimer Y. Sutherland Middle,Mathematics,8,Y,SOL,Algebra I,<,>50
2010-2011,2,Albemarle County ,1051,Mortimer Y. Sutherland Middle,Mathematics,8,N,SOL,Geometry,              54,    98.15
2010-2011,2,Albemarle County ,1051,Mortimer Y. Sutherland Middle,Mathematics,8,N,SOL,Mathematics,              58,    94.83
2010-2011,2,Albemarle County ,1051,Mortimer Y. Sutherland Middle,Mathematics,8,Y,SOL,Mathematics,<,>50
2011-2012,2,Albemarle County ,1060,Albemarle County Community Public Charter,Mathematics,8,N,SOL,Mathematics,<,>50
2011-2012,2,Albemarle County ,950,Jack Jouett Middle,Mathematics,8,N,SOL,Algebra I,              64,    98.44
2011-2012,2,Albemarle County ,950,Jack Jouett Middle,Mathematics,8,Y,SOL,Algebra I,<,>50
2011-2012,2,Albemarle County ,950,Jack Jouett Middle,Mathematics,8,N,SOL,Geometry,              30,100.00
2011-2012,2,Albemarle County ,950,Jack Jouett Middle,Mathematics,8,Y,SOL,Geometry,<,>50
2011-2012,2,Albemarle County ,950,Jack Jouett Middle,Mathematics,8,N,SOL,Mathematics,              46,    69.57
2011-2012,2,Albemarle County ,950,Jack Jouett Middle,Mathematics,8,Y,SOL,Mathematics,<,>50
2011-2012,2,Albemarle County ,69,Jackson P. Burley Middle,Mathematics,8,N,SOL,Algebra I,              61,    95.08
2011-2012,2,Albemarle County ,69,Jackson P. Burley Middle,Mathematics,8,Y,SOL,Algebra I,<,>50
2011-2012,2,Albemarle County ,69,Jackson P. Burley Middle,Mathematics,8,N,SOL,Geometry,              30,100.00
2011-2012,2,Albemarle County ,69,Jackson P. Burley Middle,Mathematics,8,N,SOL,Mathematics,              49,    44.90
2011-2012,2,Albemarle County ,69,Jackson P. Burley Middle,Mathematics,8,Y,SOL,Mathematics,<,<50
2011-2012,2,Albemarle County ,942,Joseph T. Henley Middle,Mathematics,8,N,SOL,Algebra I,             109,    99.08
2011-2012,2,Albemarle County ,942,Joseph T. Henley Middle,Mathematics,8,Y,SOL,Algebra I,<,>50
2011-2012,2,Albemarle County ,942,Joseph T. Henley Middle,Mathematics,8,N,SOL,Geometry,              50,100.00
2011-2012,2,Albemarle County ,942,Joseph T. Henley Middle,Mathematics,8,N,SOL,Mathematics,             109,    96.33
2011-2012,2,Albemarle County ,942,Joseph T. Henley Middle,Mathematics,8,Y,SOL,Mathematics,<,>50
2011-2012,2,Albemarle County ,20,Leslie H. Walton Middle,Mathematics,8,N,SOL,Algebra I,              29,    75.86
2011-2012,2,Albemarle County ,20,Leslie H. Walton Middle,Mathematics,8,N,SOL,Geometry,              40,100.00
2011-2012,2,Albemarle County ,20,Leslie H. Walton Middle,Mathematics,8,N,SOL,Mathematics,              55,    41.82
2011-2012,2,Albemarle County ,1051,Mortimer Y. Sutherland Middle,Mathematics,8,N,SOL,Algebra I,              65,    95.38
2011-2012,2,Albemarle County ,1051,Mortimer Y. Sutherland Middle,Mathematics,8,N,SOL,Geometry,              68,100.00
2011-2012,2,Albemarle County ,1051,Mortimer Y. Sutherland Middle,Mathematics,8,N,SOL,Mathematics,              41,    51.22
2011-2012,2,Albemarle County ,1051,Mortimer Y. Sutherland Middle,Mathematics,8,Y,SOL,Mathematics,<,<50
2012-2013,2,Albemarle County ,1060,Albemarle County Community Public Charter,Mathematics,8,N,SOL,Mathematics,              17,<50
2012-2013,2,Albemarle County ,1060,Albemarle County Community Public Charter,Mathematics,8,Y,SOL,Mathematics,<,<50
2012-2013,2,Albemarle County ,950,Jack Jouett Middle,Mathematics,8,N,SOL,Algebra I,              58,    86.21
2012-2013,2,Albemarle County ,950,Jack Jouett Middle,Mathematics,8,Y,SOL,Algebra I,<,>50
2012-2013,2,Albemarle County ,950,Jack Jouett Middle,Mathematics,8,N,SOL,Geometry,              40,100.00
2012-2013,2,Albemarle County ,950,Jack Jouett Middle,Mathematics,8,Y,SOL,Geometry,<,>50
2012-2013,2,Albemarle County ,950,Jack Jouett Middle,Mathematics,8,N,SOL,Mathematics,              51,    49.02
2012-2013,2,Albemarle County ,950,Jack Jouett Middle,Mathematics,8,Y,SOL,Mathematics,              14,    64.29
2012-2013,2,Albemarle County ,69,Jackson P. Burley Middle,Mathematics,8,N,SOL,Algebra I,              52,    98.08
2012-2013,2,Albemarle County ,69,Jackson P. Burley Middle,Mathematics,8,Y,SOL,Algebra I,<,>50
2012-2013,2,Albemarle County ,69,Jackson P. Burley Middle,Mathematics,8,N,SOL,Geometry,              38,100.00
2012-2013,2,Albemarle County ,69,Jackson P. Burley Middle,Mathematics,8,N,SOL,Mathematics,              60,    63.33
2012-2013,2,Albemarle County ,69,Jackson P. Burley Middle,Mathematics,8,Y,SOL,Mathematics,<,<50
2012-2013,2,Albemarle County ,942,Joseph T. Henley Middle,Mathematics,8,N,SOL,Algebra I,             118,    97.46
2012-2013,2,Albemarle County ,942,Joseph T. Henley Middle,Mathematics,8,N,SOL,Geometry,              53,100.00
2012-2013,2,Albemarle County ,942,Joseph T. Henley Middle,Mathematics,8,N,SOL,Mathematics,              58,    81.03
2012-2013,2,Albemarle County ,942,Joseph T. Henley Middle,Mathematics,8,Y,SOL,Mathematics,<,<50
2012-2013,2,Albemarle County ,20,Leslie H. Walton Middle,Mathematics,8,N,SOL,Algebra I,              35,100.00
2012-2013,2,Albemarle County ,20,Leslie H. Walton Middle,Mathematics,8,Y,SOL,Algebra I,<,>50
2012-2013,2,Albemarle County ,20,Leslie H. Walton Middle,Mathematics,8,N,SOL,Geometry,              40,100.00
2012-2013,2,Albemarle County ,20,Leslie H. Walton Middle,Mathematics,8,N,SOL,Mathematics,              60,    41.67
2012-2013,2,Albemarle County ,20,Leslie H. Walton Middle,Mathematics,8,Y,SOL,Mathematics,<,>50
2012-2013,2,Albemarle County ,1051,Mortimer Y. Sutherland Middle,Mathematics,8,N,SOL,Algebra I,              74,    98.65
2012-2013,2,Albemarle County ,1051,Mortimer Y. Sutherland Middle,Mathematics,8,N,SOL,Geometry,              82,100.00
2012-2013,2,Albemarle County ,1051,Mortimer Y. Sutherland Middle,Mathematics,8,N,SOL,Mathematics,              50,    50.00
2013-2014,2,Albemarle County ,1060,Albemarle County Community Public Charter,Mathematics,8,N,SOL,Mathematics,              11,<50
2013-2014,2,Albemarle County ,950,Jack Jouett Middle,Mathematics,8,N,SOL,Algebra I,              86,    94.19
2013-2014,2,Albemarle County ,950,Jack Jouett Middle,Mathematics,8,Y,SOL,Algebra I,<,>50
2013-2014,2,Albemarle County ,950,Jack Jouett Middle,Mathematics,8,N,SOL,Geometry,              53,100.00
2013-2014,2,Albemarle County ,950,Jack Jouett Middle,Mathematics,8,Y,SOL,Geometry,<,>50
2013-2014,2,Albemarle County ,950,Jack Jouett Middle,Mathematics,8,N,SOL,Mathematics,              63,    58.73
2013-2014,2,Albemarle County ,950,Jack Jouett Middle,Mathematics,8,Y,SOL,Mathematics,              16,    50.00
2013-2014,2,Albemarle County ,69,Jackson P. Burley Middle,Mathematics,8,N,SOL,Algebra I,              54,    98.15
2013-2014,2,Albemarle County ,69,Jackson P. Burley Middle,Mathematics,8,Y,SOL,Algebra I,<,>50
2013-2014,2,Albemarle County ,69,Jackson P. Burley Middle,Mathematics,8,N,SOL,Geometry,              44,100.00
2013-2014,2,Albemarle County ,69,Jackson P. Burley Middle,Mathematics,8,N,SOL,Mathematics,              71,    53.52
2013-2014,2,Albemarle County ,69,Jackson P. Burley Middle,Mathematics,8,Y,SOL,Mathematics,<,>50
2013-2014,2,Albemarle County ,942,Joseph T. Henley Middle,Mathematics,8,N,SOL,Algebra I,             131,    97.71
2013-2014,2,Albemarle County ,942,Joseph T. Henley Middle,Mathematics,8,Y,SOL,Algebra I,<,>50
2013-2014,2,Albemarle County ,942,Joseph T. Henley Middle,Mathematics,8,N,SOL,Geometry,              68,100.00
2013-2014,2,Albemarle County ,942,Joseph T. Henley Middle,Mathematics,8,Y,SOL,Geometry,<,>50
2013-2014,2,Albemarle County ,942,Joseph T. Henley Middle,Mathematics,8,N,SOL,Mathematics,              51,    88.24
2013-2014,2,Albemarle County ,942,Joseph T. Henley Middle,Mathematics,8,Y,SOL,Mathematics,<,>50
2013-2014,2,Albemarle County ,20,Leslie H. Walton Middle,Mathematics,8,N,SOL,Algebra I,              33,    93.94
2013-2014,2,Albemarle County ,20,Leslie H. Walton Middle,Mathematics,8,N,SOL,Geometry,              23,100.00
2013-2014,2,Albemarle County ,20,Leslie H. Walton Middle,Mathematics,8,N,SOL,Mathematics,              46,    63.04
2013-2014,2,Albemarle County ,1051,Mortimer Y. Sutherland Middle,Mathematics,8,N,SOL,Algebra I,              83,    93.98
2013-2014,2,Albemarle County ,1051,Mortimer Y. Sutherland Middle,Mathematics,8,N,SOL,Geometry,              61,100.00
2013-2014,2,Albemarle County ,1051,Mortimer Y. Sutherland Middle,Mathematics,8,Y,SOL,Geometry,<,>50
2013-2014,2,Albemarle County ,1051,Mortimer Y. Sutherland Middle,Mathematics,8,N,SOL,Mathematics,              37,    43.24
2013-2014,2,Albemarle County ,1051,Mortimer Y. Sutherland Middle,Mathematics,8,Y,SOL,Mathematics,<,>50
2014-2015,2,Albemarle County ,1060,Albemarle County Community Public Charter,Mathematics,8,N,SOL,Mathematics,<,<50
2014-2015,2,Albemarle County ,950,Jack Jouett Middle,Mathematics,8,N,SOL,Algebra I,              65,100.00
2014-2015,2,Albemarle County ,950,Jack Jouett Middle,Mathematics,8,Y,SOL,Algebra I,<,>50
2014-2015,2,Albemarle County ,950,Jack Jouett Middle,Mathematics,8,N,SOL,Geometry,              36,100.00
2014-2015,2,Albemarle County ,950,Jack Jouett Middle,Mathematics,8,N,SOL,Mathematics,              61,    70.49
2014-2015,2,Albemarle County ,950,Jack Jouett Middle,Mathematics,8,Y,SOL,Mathematics,              13,    61.54
2014-2015,2,Albemarle County ,69,Jackson P. Burley Middle,Mathematics,8,N,SOL,Algebra I,              67,    95.52
2014-2015,2,Albemarle County ,69,Jackson P. Burley Middle,Mathematics,8,Y,SOL,Algebra I,<,>50
2014-2015,2,Albemarle County ,69,Jackson P. Burley Middle,Mathematics,8,N,SOL,Geometry,              39,100.00
2014-2015,2,Albemarle County ,69,Jackson P. Burley Middle,Mathematics,8,N,SOL,Mathematics,              48,    52.08
2014-2015,2,Albemarle County ,69,Jackson P. Burley Middle,Mathematics,8,Y,SOL,Mathematics,              12,<50
2014-2015,2,Albemarle County ,942,Joseph T. Henley Middle,Mathematics,8,N,SOL,Algebra I,             149,    99.33
2014-2015,2,Albemarle County ,942,Joseph T. Henley Middle,Mathematics,8,Y,SOL,Algebra I,<,>50
2014-2015,2,Albemarle County ,942,Joseph T. Henley Middle,Mathematics,8,N,SOL,Geometry,              63,100.00
2014-2015,2,Albemarle County ,942,Joseph T. Henley Middle,Mathematics,8,N,SOL,Mathematics,              51,    82.35
2014-2015,2,Albemarle County ,20,Leslie H. Walton Middle,Mathematics,8,N,SOL,Algebra I,              33,    90.91
2014-2015,2,Albemarle County ,20,Leslie H. Walton Middle,Mathematics,8,N,SOL,Geometry,              33,100.00
2014-2015,2,Albemarle County ,20,Leslie H. Walton Middle,Mathematics,8,N,SOL,Mathematics,              60,    55.00
2014-2015,2,Albemarle County ,20,Leslie H. Walton Middle,Mathematics,8,Y,SOL,Mathematics,<,<50
2014-2015,2,Albemarle County ,1051,Mortimer Y. Sutherland Middle,Mathematics,8,N,SOL,Algebra I,              73,    91.78
2014-2015,2,Albemarle County ,1051,Mortimer Y. Sutherland Middle,Mathematics,8,N,SOL,Geometry,              53,100.00
2014-2015,2,Albemarle County ,1051,Mortimer Y. Sutherland Middle,Mathematics,8,N,SOL,Mathematics,              45,    46.67
2014-2015,2,Albemarle County ,1051,Mortimer Y. Sutherland Middle,Mathematics,8,Y,SOL,Mathematics,<,<50
2015-2016,2,Albemarle County ,1060,Albemarle County Community Public Charter,Mathematics,8,N,SOL,Mathematics,              14,<50
2015-2016,2,Albemarle County ,950,Jack Jouett Middle,Mathematics,8,N,SOL,Algebra I,              63,    93.65
2015-2016,2,Albemarle County ,950,Jack Jouett Middle,Mathematics,8,Y,SOL,Algebra I,<,>50
2015-2016,2,Albemarle County ,950,Jack Jouett Middle,Mathematics,8,N,SOL,Geometry,              42,100.00
2015-2016,2,Albemarle County ,950,Jack Jouett Middle,Mathematics,8,Y,SOL,Geometry,<,>50
2015-2016,2,Albemarle County ,950,Jack Jouett Middle,Mathematics,8,N,SOL,Mathematics,              58,    60.34
2015-2016,2,Albemarle County ,950,Jack Jouett Middle,Mathematics,8,Y,SOL,Mathematics,              27,    55.56
2015-2016,2,Albemarle County ,69,Jackson P. Burley Middle,Mathematics,8,N,SOL,Algebra I,              33,    81.82
2015-2016,2,Albemarle County ,69,Jackson P. Burley Middle,Mathematics,8,Y,SOL,Algebra I,<,>50
2015-2016,2,Albemarle County ,69,Jackson P. Burley Middle,Mathematics,8,N,SOL,Geometry,              31,100.00
2015-2016,2,Albemarle County ,69,Jackson P. Burley Middle,Mathematics,8,N,SOL,Mathematics,              74,    50.00
2015-2016,2,Albemarle County ,69,Jackson P. Burley Middle,Mathematics,8,Y,SOL,Mathematics,              13,<50
2015-2016,2,Albemarle County ,942,Joseph T. Henley Middle,Mathematics,8,N,SOL,Algebra I,             151,    98.01
2015-2016,2,Albemarle County ,942,Joseph T. Henley Middle,Mathematics,8,N,SOL,Geometry,              73,100.00
2015-2016,2,Albemarle County ,942,Joseph T. Henley Middle,Mathematics,8,N,SOL,Mathematics,              43,    74.42
2015-2016,2,Albemarle County ,942,Joseph T. Henley Middle,Mathematics,8,Y,SOL,Mathematics,<,>50
2015-2016,2,Albemarle County ,20,Leslie H. Walton Middle,Mathematics,8,N,SOL,Algebra I,              19,100.00
2015-2016,2,Albemarle County ,20,Leslie H. Walton Middle,Mathematics,8,N,SOL,Geometry,              28,100.00
2015-2016,2,Albemarle County ,20,Leslie H. Walton Middle,Mathematics,8,N,SOL,Mathematics,              78,    79.49
2015-2016,2,Albemarle County ,1051,Mortimer Y. Sutherland Middle,Mathematics,8,N,SOL,Algebra I,              71,    85.92
2015-2016,2,Albemarle County ,1051,Mortimer Y. Sutherland Middle,Mathematics,8,Y,SOL,Algebra I,<,>50
2015-2016,2,Albemarle County ,1051,Mortimer Y. Sutherland Middle,Mathematics,8,N,SOL,Geometry,              72,100.00
2015-2016,2,Albemarle County ,1051,Mortimer Y. Sutherland Middle,Mathematics,8,Y,SOL,Geometry,<,>50
2015-2016,2,Albemarle County ,1051,Mortimer Y. Sutherland Middle,Mathematics,8,N,SOL,Mathematics,              34,    35.29
2015-2016,2,Albemarle County ,1051,Mortimer Y. Sutherland Middle,Mathematics,8,Y,SOL,Mathematics,<,<50
2015-2016,2,Albemarle County ,890,Murray High,Mathematics,8,N,SOL,Algebra I,<,>50
2016-2017,2,Albemarle County ,1060,Albemarle County Community Public Charter,Mathematics,8,N,SOL,Mathematics,              12,<50
2016-2017,2,Albemarle County ,950,Jack Jouett Middle,Mathematics,8,N,SOL,Algebra I,              61,100.00
2016-2017,2,Albemarle County ,950,Jack Jouett Middle,Mathematics,8,Y,SOL,Algebra I,<,>50
2016-2017,2,Albemarle County ,950,Jack Jouett Middle,Mathematics,8,N,SOL,Geometry,              42,100.00
2016-2017,2,Albemarle County ,950,Jack Jouett Middle,Mathematics,8,N,SOL,Mathematics,              48,    52.08
2016-2017,2,Albemarle County ,950,Jack Jouett Middle,Mathematics,8,Y,SOL,Mathematics,              17,    70.59
2016-2017,2,Albemarle County ,69,Jackson P. Burley Middle,Mathematics,8,N,SOL,Algebra I,              37,100.00
2016-2017,2,Albemarle County ,69,Jackson P. Burley Middle,Mathematics,8,N,SOL,Geometry,              39,100.00
2016-2017,2,Albemarle County ,69,Jackson P. Burley Middle,Mathematics,8,N,SOL,Mathematics,              78,    78.21
2016-2017,2,Albemarle County ,69,Jackson P. Burley Middle,Mathematics,8,Y,SOL,Mathematics,              17,<50
2016-2017,2,Albemarle County ,942,Joseph T. Henley Middle,Mathematics,8,N,SOL,Algebra I,             151,    95.36
2016-2017,2,Albemarle County ,942,Joseph T. Henley Middle,Mathematics,8,N,SOL,Geometry,              72,100.00
2016-2017,2,Albemarle County ,942,Joseph T. Henley Middle,Mathematics,8,N,SOL,Mathematics,              42,    59.52
2016-2017,2,Albemarle County ,942,Joseph T. Henley Middle,Mathematics,8,Y,SOL,Mathematics,<,<50
2016-2017,2,Albemarle County ,20,Leslie H. Walton Middle,Mathematics,8,N,SOL,Algebra I,              16,    87.50
2016-2017,2,Albemarle County ,20,Leslie H. Walton Middle,Mathematics,8,N,SOL,Geometry,              33,100.00
2016-2017,2,Albemarle County ,20,Leslie H. Walton Middle,Mathematics,8,N,SOL,Mathematics,              46,    84.78
2016-2017,2,Albemarle County ,1051,Mortimer Y. Sutherland Middle,Mathematics,8,N,SOL,Algebra I,              73,    86.30
2016-2017,2,Albemarle County ,1051,Mortimer Y. Sutherland Middle,Mathematics,8,N,SOL,Geometry,              59,100.00
2016-2017,2,Albemarle County ,1051,Mortimer Y. Sutherland Middle,Mathematics,8,N,SOL,Mathematics,              34,    61.76
2016-2017,2,Albemarle County ,1051,Mortimer Y. Sutherland Middle,Mathematics,8,Y,SOL,Mathematics,<,<50
2016-2017,2,Albemarle County ,890,Murray High,Mathematics,8,N,SOL,Algebra I,<,>50
2017-2018,2,Albemarle County ,1060,Albemarle County Community Public Charter,Mathematics,8,N,SOL,Algebra I,<,<50
2017-2018,2,Albemarle County ,1060,Albemarle County Community Public Charter,Mathematics,8,N,SOL,Geometry,<,>50
2017-2018,2,Albemarle County ,1060,Albemarle County Community Public Charter,Mathematics,8,N,SOL,Mathematics,              11,<50
2017-2018,2,Albemarle County ,950,Jack Jouett Middle,Mathematics,8,N,SOL,Algebra I,              49,    93.88
2017-2018,2,Albemarle County ,950,Jack Jouett Middle,Mathematics,8,N,SOL,Geometry,              37,100.00
2017-2018,2,Albemarle County ,950,Jack Jouett Middle,Mathematics,8,N,SOL,Mathematics,              60,    50.00
2017-2018,2,Albemarle County ,950,Jack Jouett Middle,Mathematics,8,Y,SOL,Mathematics,              19,<50
2017-2018,2,Albemarle County ,69,Jackson P. Burley Middle,Mathematics,8,N,SOL,Algebra I,              48,    97.92
2017-2018,2,Albemarle County ,69,Jackson P. Burley Middle,Mathematics,8,Y,SOL,Algebra I,<,>50
2017-2018,2,Albemarle County ,69,Jackson P. Burley Middle,Mathematics,8,N,SOL,Geometry,              39,100.00
2017-2018,2,Albemarle County ,69,Jackson P. Burley Middle,Mathematics,8,N,SOL,Mathematics,              57,    66.67
2017-2018,2,Albemarle County ,69,Jackson P. Burley Middle,Mathematics,8,Y,SOL,Mathematics,              18,<50
2017-2018,2,Albemarle County ,942,Joseph T. Henley Middle,Mathematics,8,N,SOL,Algebra I,             146,    93.84
2017-2018,2,Albemarle County ,942,Joseph T. Henley Middle,Mathematics,8,N,SOL,Geometry,              74,100.00
2017-2018,2,Albemarle County ,942,Joseph T. Henley Middle,Mathematics,8,N,SOL,Mathematics,              61,    65.57
2017-2018,2,Albemarle County ,942,Joseph T. Henley Middle,Mathematics,8,Y,SOL,Mathematics,<,<50
2017-2018,2,Albemarle County ,20,Leslie H. Walton Middle,Mathematics,8,N,SOL,Algebra I,              25,    96.00
2017-2018,2,Albemarle County ,20,Leslie H. Walton Middle,Mathematics,8,N,SOL,Geometry,              27,100.00
2017-2018,2,Albemarle County ,20,Leslie H. Walton Middle,Mathematics,8,N,SOL,Mathematics,              59,    66.10
2017-2018,2,Albemarle County ,1051,Mortimer Y. Sutherland Middle,Mathematics,8,N,SOL,Algebra I,              82,    93.90
2017-2018,2,Albemarle County ,1051,Mortimer Y. Sutherland Middle,Mathematics,8,N,SOL,Geometry,              69,100.00
2017-2018,2,Albemarle County ,1051,Mortimer Y. Sutherland Middle,Mathematics,8,Y,SOL,Geometry,<,>50
2017-2018,2,Albemarle County ,1051,Mortimer Y. Sutherland Middle,Mathematics,8,N,SOL,Mathematics,              45,    48.89
2017-2018,2,Albemarle County ,1051,Mortimer Y. Sutherland Middle,Mathematics,8,Y,SOL,Mathematics,<,<50
2018-2019,2,Albemarle County ,1060,Albemarle County Community Public Charter,Mathematics,8,N,SOL,Algebra I,<,>50
2018-2019,2,Albemarle County ,1060,Albemarle County Community Public Charter,Mathematics,8,N,SOL,Geometry,<,>50
2018-2019,2,Albemarle County ,1060,Albemarle County Community Public Charter,Mathematics,8,N,SOL,Mathematics,              12,<50
2018-2019,2,Albemarle County ,950,Jack Jouett Middle,Mathematics,8,N,SOL,Algebra I,              63,    98.41
2018-2019,2,Albemarle County ,950,Jack Jouett Middle,Mathematics,8,Y,SOL,Algebra I,<,>50
2018-2019,2,Albemarle County ,950,Jack Jouett Middle,Mathematics,8,N,SOL,Geometry,              41,100.00
2018-2019,2,Albemarle County ,950,Jack Jouett Middle,Mathematics,8,N,SOL,Mathematics,              57,    61.40
2018-2019,2,Albemarle County ,950,Jack Jouett Middle,Mathematics,8,Y,SOL,Mathematics,              12,    50.00
2018-2019,2,Albemarle County ,69,Jackson P. Burley Middle,Mathematics,8,N,SOL,Algebra I,              60,    95.00
2018-2019,2,Albemarle County ,69,Jackson P. Burley Middle,Mathematics,8,N,SOL,Geometry,              43,100.00
2018-2019,2,Albemarle County ,69,Jackson P. Burley Middle,Mathematics,8,N,SOL,Mathematics,              78,    74.36
2018-2019,2,Albemarle County ,69,Jackson P. Burley Middle,Mathematics,8,Y,SOL,Mathematics,              13,    53.85
2018-2019,2,Albemarle County ,942,Joseph T. Henley Middle,Mathematics,8,N,SOL,Algebra I,             155,    98.71
2018-2019,2,Albemarle County ,942,Joseph T. Henley Middle,Mathematics,8,N,SOL,Geometry,              84,100.00
2018-2019,2,Albemarle County ,942,Joseph T. Henley Middle,Mathematics,8,N,SOL,Mathematics,              58,    70.69
2018-2019,2,Albemarle County ,20,Leslie H. Walton Middle,Mathematics,8,N,SOL,Algebra I,              42,    95.24
2018-2019,2,Albemarle County ,20,Leslie H. Walton Middle,Mathematics,8,N,SOL,Geometry,              31,100.00
2018-2019,2,Albemarle County ,20,Leslie H. Walton Middle,Mathematics,8,N,SOL,Mathematics,              50,    72.00
2018-2019,2,Albemarle County ,20,Leslie H. Walton Middle,Mathematics,8,Y,SOL,Mathematics,<,<50
2018-2019,2,Albemarle County ,1051,Mortimer Y. Sutherland Middle,Mathematics,8,N,SOL,Algebra I,              64,    98.44
2018-2019,2,Albemarle County ,1051,Mortimer Y. Sutherland Middle,Mathematics,8,Y,SOL,Algebra I,<,>50
2018-2019,2,Albemarle County ,1051,Mortimer Y. Sutherland Middle,Mathematics,8,N,SOL,Geometry,              63,100.00
2018-2019,2,Albemarle County ,1051,Mortimer Y. Sutherland Middle,Mathematics,8,N,SOL,Mathematics,              39,    56.41
2018-2019,2,Albemarle County ,1051,Mortimer Y. Sutherland Middle,Mathematics,8,Y,SOL,Mathematics,<,<50
2020-2021,2,Albemarle County ,950,Jack Jouett Middle,Mathematics,8,N,SOL,Algebra I,              43,    97.67
2020-2021,2,Albemarle County ,950,Jack Jouett Middle,Mathematics,8,Y,SOL,Algebra I,<,>50
2020-2021,2,Albemarle County ,950,Jack Jouett Middle,Mathematics,8,N,SOL,Geometry,              11,100.00
2020-2021,2,Albemarle County ,950,Jack Jouett Middle,Mathematics,8,N,SOL,Mathematics,<,<50
2020-2021,2,Albemarle County ,950,Jack Jouett Middle,Mathematics,8,Y,SOL,Mathematics,<,<50
2020-2021,2,Albemarle County ,69,Jackson P. Burley Middle,Mathematics,8,N,SOL,Algebra I,              24,    70.83
2020-2021,2,Albemarle County ,69,Jackson P. Burley Middle,Mathematics,8,N,SOL,Geometry,              20,100.00
2020-2021,2,Albemarle County ,69,Jackson P. Burley Middle,Mathematics,8,N,SOL,Mathematics,<,<50
2020-2021,2,Albemarle County ,69,Jackson P. Burley Middle,Mathematics,8,Y,SOL,Mathematics,<,<50
2020-2021,2,Albemarle County ,942,Joseph T. Henley Middle,Mathematics,8,N,SOL,Algebra I,              44,    61.36
2020-2021,2,Albemarle County ,942,Joseph T. Henley Middle,Mathematics,8,Y,SOL,Algebra I,<,<50
2020-2021,2,Albemarle County ,942,Joseph T. Henley Middle,Mathematics,8,N,SOL,Geometry,              34,100.00
2020-2021,2,Albemarle County ,942,Joseph T. Henley Middle,Mathematics,8,N,SOL,Mathematics,<,>50
2020-2021,2,Albemarle County ,942,Joseph T. Henley Middle,Mathematics,8,Y,SOL,Mathematics,<,<50
2020-2021,2,Albemarle County ,20,Leslie H. Walton Middle,Mathematics,8,N,SOL,Algebra I,              21,    66.67
2020-2021,2,Albemarle County ,20,Leslie H. Walton Middle,Mathematics,8,Y,SOL,Algebra I,<,>50
2020-2021,2,Albemarle County ,20,Leslie H. Walton Middle,Mathematics,8,N,SOL,Geometry,<,>50
2020-2021,2,Albemarle County ,20,Leslie H. Walton Middle,Mathematics,8,N,SOL,Mathematics,<,<50
2020-2021,2,Albemarle County ,1051,Mortimer Y. Sutherland Middle,Mathematics,8,N,SOL,Algebra I,              53,    60.38
2020-2021,2,Albemarle County ,1051,Mortimer Y. Sutherland Middle,Mathematics,8,Y,SOL,Algebra I,<,>50
2020-2021,2,Albemarle County ,1051,Mortimer Y. Sutherland Middle,Mathematics,8,N,SOL,Geometry,              68,    88.24
2020-2021,2,Albemarle County ,1051,Mortimer Y. Sutherland Middle,Mathematics,8,Y,SOL,Geometry,<,>50
2020-2021,2,Albemarle County ,1051,Mortimer Y. Sutherland Middle,Mathematics,8,N,SOL,Mathematics,              16,<50
2020-2021,2,Albemarle County ,1051,Mortimer Y. Sutherland Middle,Mathematics,8,Y,SOL,Mathematics,<,<50
2020-2021,2,Albemarle County ,890,Murray School,Mathematics,8,N,SOL,Algebra I,<,>50
2020-2021,2,Albemarle County ,890,Murray School,Mathematics,8,N,SOL,Geometry,<,>50
2020-2021,2,Albemarle County ,890,Murray School,Mathematics,8,N,SOL,Mathematics,<,<50
2021-2022,2,Albemarle County ,890,Community Lab School,Mathematics,8,N,SOL,Algebra I,<,>50
2021-2022,2,Albemarle County ,890,Community Lab School,Mathematics,8,N,SOL,Geometry,<,>50
2021-2022,2,Albemarle County ,890,Community Lab School,Mathematics,8,N,SOL,Mathematics,              10,100.00
2021-2022,2,Albemarle County ,890,Community Lab School,Mathematics,8,Y,SOL,Mathematics,<,<50
2021-2022,2,Albemarle County ,950,Jack Jouett Middle,Mathematics,8,N,SOL,Algebra I,              75,    90.67
2021-2022,2,Albemarle County ,950,Jack Jouett Middle,Mathematics,8,Y,SOL,Algebra I,<,>50
2021-2022,2,Albemarle County ,950,Jack Jouett Middle,Mathematics,8,N,SOL,Geometry,              32,    96.88
2021-2022,2,Albemarle County ,950,Jack Jouett Middle,Mathematics,8,N,SOL,Mathematics,              66,    31.82
2021-2022,2,Albemarle County ,950,Jack Jouett Middle,Mathematics,8,Y,SOL,Mathematics,              44,      .00
2021-2022,2,Albemarle County ,69,Jackson P. Burley Middle,Mathematics,8,N,SOL,Algebra I,              59,    88.14
2021-2022,2,Albemarle County ,69,Jackson P. Burley Middle,Mathematics,8,Y,SOL,Algebra I,<,>50
2021-2022,2,Albemarle County ,69,Jackson P. Burley Middle,Mathematics,8,N,SOL,Geometry,              42,100.00
2021-2022,2,Albemarle County ,69,Jackson P. Burley Middle,Mathematics,8,Y,SOL,Geometry,<,>50
2021-2022,2,Albemarle County ,69,Jackson P. Burley Middle,Mathematics,8,N,SOL,Mathematics,              61,    13.11
2021-2022,2,Albemarle County ,69,Jackson P. Burley Middle,Mathematics,8,Y,SOL,Mathematics,              14,<50
2021-2022,2,Albemarle County ,942,Joseph T. Henley Middle,Mathematics,8,N,SOL,Algebra I,              77,    83.12
2021-2022,2,Albemarle County ,942,Joseph T. Henley Middle,Mathematics,8,N,SOL,Geometry,             123,    99.19
2021-2022,2,Albemarle County ,942,Joseph T. Henley Middle,Mathematics,8,N,SOL,Mathematics,              85,    30.59
2021-2022,2,Albemarle County ,942,Joseph T. Henley Middle,Mathematics,8,Y,SOL,Mathematics,<,<50
2021-2022,2,Albemarle County ,1051,Lakeside Middle,Mathematics,8,N,SOL,Algebra I,              59,    89.83
2021-2022,2,Albemarle County ,1051,Lakeside Middle,Mathematics,8,Y,SOL,Algebra I,<,>50
2021-2022,2,Albemarle County ,1051,Lakeside Middle,Mathematics,8,N,SOL,Geometry,              70,    98.57
2021-2022,2,Albemarle County ,1051,Lakeside Middle,Mathematics,8,Y,SOL,Geometry,<,>50
2021-2022,2,Albemarle County ,1051,Lakeside Middle,Mathematics,8,N,SOL,Mathematics,              33,    51.52
2021-2022,2,Albemarle County ,1051,Lakeside Middle,Mathematics,8,Y,SOL,Mathematics,<,>50
2021-2022,2,Albemarle County ,20,Leslie H. Walton Middle,Mathematics,8,N,SOL,Algebra I,              29,    79.31
2021-2022,2,Albemarle County ,20,Leslie H. Walton Middle,Mathematics,8,N,SOL,Geometry,              24,    95.83
2021-2022,2,Albemarle County ,20,Leslie H. Walton Middle,Mathematics,8,N,SOL,Mathematics,              39,    58.97
2021-2022,2,Albemarle County ,20,Leslie H. Walton Middle,Mathematics,8,Y,SOL,Mathematics,<,>50
2022-2023,2,Albemarle County ,890,Community Lab School,Mathematics,8,N,SOL,Algebra I,<,>50
2022-2023,2,Albemarle County ,890,Community Lab School,Mathematics,8,N,SOL,Geometry,              15,100.00
2022-2023,2,Albemarle County ,890,Community Lab School,Mathematics,8,N,SOL,Mathematics,              12,    91.67
2022-2023,2,Albemarle County ,69,Jackson P. Burley Middle,Mathematics,8,N,SOL,Algebra I,              40,100.00
2022-2023,2,Albemarle County ,69,Jackson P. Burley Middle,Mathematics,8,Y,SOL,Algebra I,<,>50
2022-2023,2,Albemarle County ,69,Jackson P. Burley Middle,Mathematics,8,N,SOL,Geometry,              56,100.00
2022-2023,2,Albemarle County ,69,Jackson P. Burley Middle,Mathematics,8,N,SOL,Mathematics,              67,    35.82
2022-2023,2,Albemarle County ,69,Jackson P. Burley Middle,Mathematics,8,Y,SOL,Mathematics,              27,    14.81
2022-2023,2,Albemarle County ,942,Joseph T. Henley Middle,Mathematics,8,N,SOL,Algebra I,             105,    95.24
2022-2023,2,Albemarle County ,942,Joseph T. Henley Middle,Mathematics,8,N,SOL,Geometry,              68,    98.53
2022-2023,2,Albemarle County ,942,Joseph T. Henley Middle,Mathematics,8,N,SOL,Mathematics,              85,    47.06
2022-2023,2,Albemarle County ,942,Joseph T. Henley Middle,Mathematics,8,Y,SOL,Mathematics,<,<50
2022-2023,2,Albemarle County ,950,Journey Middle,Mathematics,8,N,SOL,Algebra I,              57,    78.95
2022-2023,2,Albemarle County ,950,Journey Middle,Mathematics,8,Y,SOL,Algebra I,<,>50
2022-2023,2,Albemarle County ,950,Journey Middle,Mathematics,8,N,SOL,Geometry,              41,    97.56
2022-2023,2,Albemarle County ,950,Journey Middle,Mathematics,8,N,SOL,Mathematics,              79,    30.38
2022-2023,2,Albemarle County ,950,Journey Middle,Mathematics,8,Y,SOL,Mathematics,              30,    13.33
2022-2023,2,Albemarle County ,1051,Lakeside Middle,Mathematics,8,N,SOL,Algebra I,              57,    94.74
2022-2023,2,Albemarle County ,1051,Lakeside Middle,Mathematics,8,Y,SOL,Algebra I,<,>50
2022-2023,2,Albemarle County ,1051,Lakeside Middle,Mathematics,8,N,SOL,Geometry,              54,100.00
2022-2023,2,Albemarle County ,1051,Lakeside Middle,Mathematics,8,Y,SOL,Geometry,<,>50
2022-2023,2,Albemarle County ,1051,Lakeside Middle,Mathematics,8,N,SOL,Mathematics,              48,    47.92
2022-2023,2,Albemarle County ,1051,Lakeside Middle,Mathematics,8,Y,SOL,Mathematics,<,<50
2022-2023,2,Albemarle County ,20,Leslie H. Walton Middle,Mathematics,8,N,SOL,Algebra I,              35,    71.43
2022-2023,2,Albemarle County ,20,Leslie H. Walton Middle,Mathematics,8,N,SOL,Geometry,              36,    97.22
2022-2023,2,Albemarle County ,20,Leslie H. Walton Middle,Mathematics,8,N,SOL,Mathematics,              38,    60.53
2022-2023,2,Albemarle County ,20,Leslie H. Walton Middle,Mathematics,8,Y,SOL,Mathematics,<,<50
2023-2024,2,Albemarle County ,890,Community Lab School,Mathematics,8,N,SOL,Algebra I,<,>50
2023-2024,2,Albemarle County ,890,Community Lab School,Mathematics,8,N,SOL,Geometry,              17,100.00
2023-2024,2,Albemarle County ,890,Community Lab School,Mathematics,8,N,SOL,Mathematics,<,>50
2023-2024,2,Albemarle County ,69,Jackson P. Burley Middle,Mathematics,8,N,SOL,Algebra I,              24,    95.83
2023-2024,2,Albemarle County ,69,Jackson P. Burley Middle,Mathematics,8,Y,SOL,Algebra I,<,>50
2023-2024,2,Albemarle County ,69,Jackson P. Burley Middle,Mathematics,8,N,SOL,Geometry,              44,100.00
2023-2024,2,Albemarle County ,69,Jackson P. Burley Middle,Mathematics,8,Y,SOL,Geometry,<,>50
2023-2024,2,Albemarle County ,69,Jackson P. Burley Middle,Mathematics,8,N,SOL,Mathematics,              78,    41.03
2023-2024,2,Albemarle County ,69,Jackson P. Burley Middle,Mathematics,8,Y,SOL,Mathematics,              24,    37.50
2023-2024,2,Albemarle County ,942,Joseph T. Henley Middle,Mathematics,8,N,SOL,Algebra I,              99,    93.94
2023-2024,2,Albemarle County ,942,Joseph T. Henley Middle,Mathematics,8,Y,SOL,Algebra I,<,>50
2023-2024,2,Albemarle County ,942,Joseph T. Henley Middle,Mathematics,8,N,SOL,Geometry,              85,100.00
2023-2024,2,Albemarle County ,942,Joseph T. Henley Middle,Mathematics,8,N,SOL,Mathematics,              76,    55.26
2023-2024,2,Albemarle County ,942,Joseph T. Henley Middle,Mathematics,8,Y,SOL,Mathematics,<,<50
2023-2024,2,Albemarle County ,950,Journey Middle,Mathematics,8,N,SOL,Algebra I,              29,    82.76
2023-2024,2,Albemarle County ,950,Journey Middle,Mathematics,8,Y,SOL,Algebra I,              15,    66.67
2023-2024,2,Albemarle County ,950,Journey Middle,Mathematics,8,N,SOL,Geometry,              48,    85.42
2023-2024,2,Albemarle County ,950,Journey Middle,Mathematics,8,Y,SOL,Geometry,<,>50
2023-2024,2,Albemarle County ,950,Journey Middle,Mathematics,8,N,SOL,Mathematics,              57,    26.32
2023-2024,2,Albemarle County ,950,Journey Middle,Mathematics,8,Y,SOL,Mathematics,              42,    16.67
2023-2024,2,Albemarle County ,1051,Lakeside Middle,Mathematics,8,N,SOL,Algebra I,              33,    96.97
2023-2024,2,Albemarle County ,1051,Lakeside Middle,Mathematics,8,Y,SOL,Algebra I,<,>50
2023-2024,2,Albemarle County ,1051,Lakeside Middle,Mathematics,8,N,SOL,Geometry,              78,    96.15
2023-2024,2,Albemarle County ,1051,Lakeside Middle,Mathematics,8,Y,SOL,Geometry,<,>50
2023-2024,2,Albemarle County ,1051,Lakeside Middle,Mathematics,8,N,SOL,Mathematics,              31,    48.39
2023-2024,2,Albemarle County ,1051,Lakeside Middle,Mathematics,8,Y,SOL,Mathematics,              14,    50.00
2023-2024,2,Albemarle County ,20,Leslie H. Walton Middle,Mathematics,8,N,SOL,Algebra I,              24,    87.50
2023-2024,2,Albemarle County ,20,Leslie H. Walton Middle,Mathematics,8,Y,SOL,Algebra I,<,<50
2023-2024,2,Albemarle County ,20,Leslie H. Walton Middle,Mathematics,8,N,SOL,Geometry,              19,    94.74
2023-2024,2,Albemarle County ,20,Leslie H. Walton Middle,Mathematics,8,N,SOL,Mathematics,              57,    54.39
2023-2024,2,Albemarle County ,20,Leslie H. Walton Middle,Mathematics,8,Y,SOL,Mathematics,<,>50
2024-2025,2,Albemarle County ,890,Community Lab School,Mathematics,8,N,SOL,Algebra I,              14,    92.86
2024-2025,2,Albemarle County ,890,Community Lab School,Mathematics,8,N,SOL,Geometry,              11,100.00
2024-2025,2,Albemarle County ,69,Jackson P. Burley Middle,Mathematics,8,N,SOL,Algebra I,              32,    75.00
2024-2025,2,Albemarle County ,69,Jackson P. Burley Middle,Mathematics,8,Y,SOL,Algebra I,<,>50
2024-2025,2,Albemarle County ,69,Jackson P. Burley Middle,Mathematics,8,N,SOL,Geometry,              51,    92.16
2024-2025,2,Albemarle County ,69,Jackson P. Burley Middle,Mathematics,8,Y,SOL,Geometry,<,>50
2024-2025,2,Albemarle County ,69,Jackson P. Burley Middle,Mathematics,8,N,SOL,Mathematics,              74,    51.35
2024-2025,2,Albemarle County ,69,Jackson P. Burley Middle,Mathematics,8,Y,SOL,Mathematics,              27,    22.22
2024-2025,2,Albemarle County ,942,Joseph T. Henley Middle,Mathematics,8,N,SOL,Algebra I,             113,    95.58
2024-2025,2,Albemarle County ,942,Joseph T. Henley Middle,Mathematics,8,Y,SOL,Algebra I,<,>50
2024-2025,2,Albemarle County ,942,Joseph T. Henley Middle,Mathematics,8,N,SOL,Geometry,              69,100.00
2024-2025,2,Albemarle County ,942,Joseph T. Henley Middle,Mathematics,8,N,SOL,Mathematics,              79,    54.43
2024-2025,2,Albemarle County ,942,Joseph T. Henley Middle,Mathematics,8,Y,SOL,Mathematics,<,<50
2024-2025,2,Albemarle County ,950,Journey Middle,Mathematics,8,N,SOL,Algebra I,              35,    88.57
2024-2025,2,Albemarle County ,950,Journey Middle,Mathematics,8,Y,SOL,Algebra I,<,>50
2024-2025,2,Albemarle County ,950,Journey Middle,Mathematics,8,N,SOL,Geometry,              37,    97.30
2024-2025,2,Albemarle County ,950,Journey Middle,Mathematics,8,Y,SOL,Geometry,<,>50
2024-2025,2,Albemarle County ,950,Journey Middle,Mathematics,8,N,SOL,Mathematics,              65,    50.77
2024-2025,2,Albemarle County ,950,Journey Middle,Mathematics,8,Y,SOL,Mathematics,              56,     8.93
2024-2025,2,Albemarle County ,1051,Lakeside Middle,Mathematics,8,N,SOL,Algebra I,              52,    88.46
2024-2025,2,Albemarle County ,1051,Lakeside Middle,Mathematics,8,Y,SOL,Algebra I,<,>50
2024-2025,2,Albemarle County ,1051,Lakeside Middle,Mathematics,8,N,SOL,Geometry,              63,    93.65
2024-2025,2,Albemarle County ,1051,Lakeside Middle,Mathematics,8,Y,SOL,Geometry,<,>50
2024-2025,2,Albemarle County ,1051,Lakeside Middle,Mathematics,8,N,SOL,Mathematics,              35,    65.71
2024-2025,2,Albemarle County ,1051,Lakeside Middle,Mathematics,8,Y,SOL,Mathematics,              16,    50.00
2024-2025,2,Albemarle County ,20,Leslie H. Walton Middle,Mathematics,8,N,SOL,Algebra I,              22,    77.27
2024-2025,2,Albemarle County ,20,Leslie H. Walton Middle,Mathematics,8,Y,SOL,Algebra I,<,>50
2024-2025,2,Albemarle County ,20,Leslie H. Walton Middle,Mathematics,8,N,SOL,Geometry,              29,100.00
2024-2025,2,Albemarle County ,20,Leslie H. Walton Middle,Mathematics,8,Y,SOL,Geometry,<,>50
2024-2025,2,Albemarle County ,20,Leslie H. Walton Middle,Mathematics,8,N,SOL,Mathematics,              60,    61.67
2024-2025,2,Albemarle County ,20,Leslie H. Walton Middle,Mathematics,8,Y,SOL,Mathematics,<,>50
