School Year,Division Number,Division Name,Subject,Race,Grade,Test Source,Test,Total Count,Pass Rate
2005-2006,2,Albemarle County ,Mathematics,Unknown - Race/Ethnicity not provided,8,SOL,Algebra I,<,>50
2005-2006,2,Albemarle County ,Mathematics,Unknown - Race/Ethnicity not provided,8,SOL,Mathematics,<,<50
2005-2006,2,Albemarle County ,Mathematics,American Indian or Alaska Native,8,SOL,Geometry,<,>50
2005-2006,2,Albemarle County ,Mathematics,American Indian or Alaska Native,8,SOL,Mathematics,<,>50
2005-2006,2,Albemarle County ,Mathematics,Asian,8,SOL,Algebra I,              16,100.00
2005-2006,2,Albemarle County ,Mathematics,Asian,8,SOL,Geometry,              11,100.00
2005-2006,2,Albemarle County ,Mathematics,Asian,8,SOL,Mathematics,              41,    97.56
2005-2006,2,Albemarle County ,Mathematics,"Black, not of Hispanic origin",8,SOL,Algebra I,              14,    92.86
2005-2006,2,Albemarle County ,Mathematics,"Black, not of Hispanic origin",8,SOL,Geometry,<,>50
2005-2006,2,Albemarle County ,Mathematics,"Black, not of Hispanic origin",8,SOL,Mathematics,             115,    60.87
2005-2006,2,Albemarle County ,Mathematics,Hispanic,8,SOL,Algebra I,<,>50
2005-2006,2,Albemarle County ,Mathematics,Hispanic,8,SOL,Geometry,<,>50
2005-2006,2,Albemarle County ,Mathematics,Hispanic,8,SOL,Mathematics,              28,    78.57
2005-2006,2,Albemarle County ,Mathematics,"White, not of Hispanic origin",8,SOL,Algebra I,             240,    99.17
2005-2006,2,Albemarle County ,Mathematics,"White, not of Hispanic origin",8,SOL,Geometry,             115,100.00
2005-2006,2,Albemarle County ,Mathematics,"White, not of Hispanic origin",8,SOL,Mathematics,             706,    88.81
2006-2007,2,Albemarle County ,Mathematics,Unknown - Race/Ethnicity not provided,8,SOL,Algebra I,<,>50
2006-2007,2,Albemarle County ,Mathematics,Unknown - Race/Ethnicity not provided,8,SOL,Geometry,<,>50
2006-2007,2,Albemarle County ,Mathematics,Unknown - Race/Ethnicity not provided,8,SOL,Mathematics,<,>50
2006-2007,2,Albemarle County ,Mathematics,American Indian or Alaska Native,8,SOL,Mathematics,<,>50
2006-2007,2,Albemarle County ,Mathematics,Asian,8,SOL,Algebra I,<,>50
2006-2007,2,Albemarle County ,Mathematics,Asian,8,SOL,Geometry,              22,100.00
2006-2007,2,Albemarle County ,Mathematics,Asian,8,SOL,Mathematics,              15,    86.67
2006-2007,2,Albemarle County ,Mathematics,"Black, not of Hispanic origin",8,SOL,Algebra I,              17,    94.12
2006-2007,2,Albemarle County ,Mathematics,"Black, not of Hispanic origin",8,SOL,Geometry,<,>50
2006-2007,2,Albemarle County ,Mathematics,"Black, not of Hispanic origin",8,SOL,Mathematics,             102,    51.96
2006-2007,2,Albemarle County ,Mathematics,Hispanic,8,SOL,Algebra I,<,>50
2006-2007,2,Albemarle County ,Mathematics,Hispanic,8,SOL,Geometry,<,>50
2006-2007,2,Albemarle County ,Mathematics,Hispanic,8,SOL,Mathematics,              19,    63.16
2006-2007,2,Albemarle County ,Mathematics,"White, not of Hispanic origin",8,SOL,Algebra I,             246,100.00
2006-2007,2,Albemarle County ,Mathematics,"White, not of Hispanic origin",8,SOL,Geometry,             112,100.00
2006-2007,2,Albemarle County ,Mathematics,"White, not of Hispanic origin",8,SOL,Mathematics,             315,    72.06
2007-2008,2,Albemarle County ,Mathematics,Unknown - Race/Ethnicity not provided,8,SOL,Mathematics,<,>50
2007-2008,2,Albemarle County ,Mathematics,American Indian or Alaska Native,8,SOL,Geometry,<,>50
2007-2008,2,Albemarle County ,Mathematics,American Indian or Alaska Native,8,SOL,Mathematics,<,>50
2007-2008,2,Albemarle County ,Mathematics,Asian,8,SOL,Algebra I,<,>50
2007-2008,2,Albemarle County ,Mathematics,Asian,8,SOL,Geometry,              16,100.00
2007-2008,2,Albemarle County ,Mathematics,Asian,8,SOL,Mathematics,<,>50
2007-2008,2,Albemarle County ,Mathematics,"Black, not of Hispanic origin",8,SOL,Algebra I,              13,100.00
2007-2008,2,Albemarle County ,Mathematics,"Black, not of Hispanic origin",8,SOL,Geometry,<,>50
2007-2008,2,Albemarle County ,Mathematics,"Black, not of Hispanic origin",8,SOL,Mathematics,              94,    78.72
2007-2008,2,Albemarle County ,Mathematics,Hispanic,8,SOL,Algebra I,<,>50
2007-2008,2,Albemarle County ,Mathematics,Hispanic,8,SOL,Geometry,<,>50
2007-2008,2,Albemarle County ,Mathematics,Hispanic,8,SOL,Mathematics,              30,    86.67
2007-2008,2,Albemarle County ,Mathematics,"White, not of Hispanic origin",8,SOL,Algebra I,             251,100.00
2007-2008,2,Albemarle County ,Mathematics,"White, not of Hispanic origin",8,SOL,Geometry,             142,100.00
2007-2008,2,Albemarle County ,Mathematics,"White, not of Hispanic origin",8,SOL,Mathematics,             280,    84.64
2008-2009,2,Albemarle County ,Mathematics,Unknown - Race/Ethnicity not provided,8,SOL,Algebra I,<,>50
2008-2009,2,Albemarle County ,Mathematics,Unknown - Race/Ethnicity not provided,8,SOL,Geometry,<,>50
2008-2009,2,Albemarle County ,Mathematics,Unknown - Race/Ethnicity not provided,8,SOL,Mathematics,<,>50
2008-2009,2,Albemarle County ,Mathematics,Asian,8,SOL,Algebra I,              11,100.00
2008-2009,2,Albemarle County ,Mathematics,Asian,8,SOL,Geometry,              21,100.00
2008-2009,2,Albemarle County ,Mathematics,Asian,8,SOL,Mathematics,              14,    92.86
2008-2009,2,Albemarle County ,Mathematics,"Black, not of Hispanic origin",8,SOL,Algebra I,              22,100.00
2008-2009,2,Albemarle County ,Mathematics,"Black, not of Hispanic origin",8,SOL,Geometry,<,>50
2008-2009,2,Albemarle County ,Mathematics,"Black, not of Hispanic origin",8,SOL,Mathematics,              80,    85.00
2008-2009,2,Albemarle County ,Mathematics,Hispanic,8,SOL,Algebra I,<,>50
2008-2009,2,Albemarle County ,Mathematics,Hispanic,8,SOL,Geometry,<,>50
2008-2009,2,Albemarle County ,Mathematics,Hispanic,8,SOL,Mathematics,              40,100.00
2008-2009,2,Albemarle County ,Mathematics,"White, not of Hispanic origin",8,SOL,Algebra I,             247,100.00
2008-2009,2,Albemarle County ,Mathematics,"White, not of Hispanic origin",8,SOL,Geometry,             145,100.00
2008-2009,2,Albemarle County ,Mathematics,"White, not of Hispanic origin",8,SOL,Mathematics,             263,    93.16
2009-2010,2,Albemarle County ,Mathematics,Unknown - Race/Ethnicity not provided,8,SOL,Algebra I,<,>50
2009-2010,2,Albemarle County ,Mathematics,Unknown - Race/Ethnicity not provided,8,SOL,Geometry,<,>50
2009-2010,2,Albemarle County ,Mathematics,Unknown - Race/Ethnicity not provided,8,SOL,Mathematics,<,>50
2009-2010,2,Albemarle County ,Mathematics,American Indian or Alaska Native,8,SOL,Geometry,<,>50
2009-2010,2,Albemarle County ,Mathematics,Asian,8,SOL,Algebra I,              15,100.00
2009-2010,2,Albemarle County ,Mathematics,Asian,8,SOL,Geometry,              21,100.00
2009-2010,2,Albemarle County ,Mathematics,Asian,8,SOL,Mathematics,<,>50
2009-2010,2,Albemarle County ,Mathematics,"Black, not of Hispanic origin",8,SOL,Algebra I,              28,100.00
2009-2010,2,Albemarle County ,Mathematics,"Black, not of Hispanic origin",8,SOL,Geometry,<,>50
2009-2010,2,Albemarle County ,Mathematics,"Black, not of Hispanic origin",8,SOL,Mathematics,              67,    88.06
2009-2010,2,Albemarle County ,Mathematics,Hispanic,8,SOL,Algebra I,              16,100.00
2009-2010,2,Albemarle County ,Mathematics,Hispanic,8,SOL,Geometry,<,>50
2009-2010,2,Albemarle County ,Mathematics,Hispanic,8,SOL,Mathematics,              32,    87.50
2009-2010,2,Albemarle County ,Mathematics,"White, not of Hispanic origin",8,SOL,Algebra I,             268,100.00
2009-2010,2,Albemarle County ,Mathematics,"White, not of Hispanic origin",8,SOL,Geometry,             159,100.00
2009-2010,2,Albemarle County ,Mathematics,"White, not of Hispanic origin",8,SOL,Mathematics,             227,    90.75
2010-2011,2,Albemarle County ,Mathematics,American Indian or Alaska Native,8,SOL,Algebra I,<,>50
2010-2011,2,Albemarle County ,Mathematics,Asian,8,SOL,Algebra I,<,>50
2010-2011,2,Albemarle County ,Mathematics,Asian,8,SOL,Geometry,              19,100.00
2010-2011,2,Albemarle County ,Mathematics,Asian,8,SOL,Mathematics,              15,100.00
2010-2011,2,Albemarle County ,Mathematics,"Black, not of Hispanic origin",8,SOL,Algebra I,              31,100.00
2010-2011,2,Albemarle County ,Mathematics,"Black, not of Hispanic origin",8,SOL,Geometry,<,>50
2010-2011,2,Albemarle County ,Mathematics,"Black, not of Hispanic origin",8,SOL,Mathematics,              66,    75.76
2010-2011,2,Albemarle County ,Mathematics,Hispanic,8,SOL,Algebra I,              24,100.00
2010-2011,2,Albemarle County ,Mathematics,Hispanic,8,SOL,Geometry,<,>50
2010-2011,2,Albemarle County ,Mathematics,Hispanic,8,SOL,Mathematics,              48,    95.83
2010-2011,2,Albemarle County ,Mathematics,"White, not of Hispanic origin",8,SOL,Algebra I,             281,100.00
2010-2011,2,Albemarle County ,Mathematics,"White, not of Hispanic origin",8,SOL,Geometry,             149,    99.33
2010-2011,2,Albemarle County ,Mathematics,"White, not of Hispanic origin",8,SOL,Mathematics,             237,    89.87
2010-2011,2,Albemarle County ,Mathematics,"Non-Hispanic, two or more races",8,SOL,Algebra I,              16,100.00
2010-2011,2,Albemarle County ,Mathematics,"Non-Hispanic, two or more races",8,SOL,Geometry,<,>50
2010-2011,2,Albemarle County ,Mathematics,"Non-Hispanic, two or more races",8,SOL,Mathematics,              24,    87.50
2011-2012,2,Albemarle County ,Mathematics,American Indian or Alaska Native,8,SOL,Algebra I,<,>50
2011-2012,2,Albemarle County ,Mathematics,American Indian or Alaska Native,8,SOL,Mathematics,<,<50
2011-2012,2,Albemarle County ,Mathematics,Asian,8,SOL,Algebra I,              11,100.00
2011-2012,2,Albemarle County ,Mathematics,Asian,8,SOL,Geometry,              18,100.00
2011-2012,2,Albemarle County ,Mathematics,Asian,8,SOL,Mathematics,<,>50
2011-2012,2,Albemarle County ,Mathematics,"Black, not of Hispanic origin",8,SOL,Algebra I,              24,    91.67
2011-2012,2,Albemarle County ,Mathematics,"Black, not of Hispanic origin",8,SOL,Geometry,<,>50
2011-2012,2,Albemarle County ,Mathematics,"Black, not of Hispanic origin",8,SOL,Mathematics,              74,    47.30
2011-2012,2,Albemarle County ,Mathematics,Hispanic,8,SOL,Algebra I,              22,    95.45
2011-2012,2,Albemarle County ,Mathematics,Hispanic,8,SOL,Geometry,<,>50
2011-2012,2,Albemarle County ,Mathematics,Hispanic,8,SOL,Mathematics,              27,    70.37
2011-2012,2,Albemarle County ,Mathematics,"White, not of Hispanic origin",8,SOL,Algebra I,             271,    95.94
2011-2012,2,Albemarle County ,Mathematics,"White, not of Hispanic origin",8,SOL,Geometry,             183,100.00
2011-2012,2,Albemarle County ,Mathematics,"White, not of Hispanic origin",8,SOL,Mathematics,             203,    72.41
2011-2012,2,Albemarle County ,Mathematics,Native Hawaiian  or Pacific Islander,8,SOL,Geometry,<,>50
2011-2012,2,Albemarle County ,Mathematics,"Non-Hispanic, two or more races",8,SOL,Algebra I,              15,    93.33
2011-2012,2,Albemarle County ,Mathematics,"Non-Hispanic, two or more races",8,SOL,Geometry,<,>50
2011-2012,2,Albemarle County ,Mathematics,"Non-Hispanic, two or more races",8,SOL,Mathematics,              19,    84.21
2012-2013,2,Albemarle County ,Mathematics,American Indian or Alaska Native,8,SOL,Algebra I,<,>50
2012-2013,2,Albemarle County ,Mathematics,American Indian or Alaska Native,8,SOL,Mathematics,<,<50
2012-2013,2,Albemarle County ,Mathematics,Asian,8,SOL,Algebra I,              13,100.00
2012-2013,2,Albemarle County ,Mathematics,Asian,8,SOL,Geometry,              17,100.00
2012-2013,2,Albemarle County ,Mathematics,Asian,8,SOL,Mathematics,<,>50
2012-2013,2,Albemarle County ,Mathematics,"Black, not of Hispanic origin",8,SOL,Algebra I,              27,    85.19
2012-2013,2,Albemarle County ,Mathematics,"Black, not of Hispanic origin",8,SOL,Geometry,<,>50
2012-2013,2,Albemarle County ,Mathematics,"Black, not of Hispanic origin",8,SOL,Mathematics,              83,    45.78
2012-2013,2,Albemarle County ,Mathematics,Hispanic,8,SOL,Algebra I,              31,    93.55
2012-2013,2,Albemarle County ,Mathematics,Hispanic,8,SOL,Geometry,<,>50
2012-2013,2,Albemarle County ,Mathematics,Hispanic,8,SOL,Mathematics,              30,    43.33
2012-2013,2,Albemarle County ,Mathematics,"White, not of Hispanic origin",8,SOL,Algebra I,             255,    97.25
2012-2013,2,Albemarle County ,Mathematics,"White, not of Hispanic origin",8,SOL,Geometry,             218,100.00
2012-2013,2,Albemarle County ,Mathematics,"White, not of Hispanic origin",8,SOL,Mathematics,             184,    56.52
2012-2013,2,Albemarle County ,Mathematics,"Non-Hispanic, two or more races",8,SOL,Algebra I,              17,    94.12
2012-2013,2,Albemarle County ,Mathematics,"Non-Hispanic, two or more races",8,SOL,Geometry,              11,100.00
2012-2013,2,Albemarle County ,Mathematics,"Non-Hispanic, two or more races",8,SOL,Mathematics,              24,    66.67
2013-2014,2,Albemarle County ,Mathematics,American Indian or Alaska Native,8,SOL,Algebra I,<,>50
2013-2014,2,Albemarle County ,Mathematics,American Indian or Alaska Native,8,SOL,Mathematics,<,<50
2013-2014,2,Albemarle County ,Mathematics,Asian,8,SOL,Algebra I,              18,100.00
2013-2014,2,Albemarle County ,Mathematics,Asian,8,SOL,Geometry,              27,100.00
2013-2014,2,Albemarle County ,Mathematics,Asian,8,SOL,Mathematics,<,<50
2013-2014,2,Albemarle County ,Mathematics,"Black, not of Hispanic origin",8,SOL,Algebra I,              34,    94.12
2013-2014,2,Albemarle County ,Mathematics,"Black, not of Hispanic origin",8,SOL,Geometry,<,>50
2013-2014,2,Albemarle County ,Mathematics,"Black, not of Hispanic origin",8,SOL,Mathematics,              81,    46.91
2013-2014,2,Albemarle County ,Mathematics,Hispanic,8,SOL,Algebra I,              20,    90.00
2013-2014,2,Albemarle County ,Mathematics,Hispanic,8,SOL,Geometry,<,>50
2013-2014,2,Albemarle County ,Mathematics,Hispanic,8,SOL,Mathematics,              53,    66.04
2013-2014,2,Albemarle County ,Mathematics,"White, not of Hispanic origin",8,SOL,Algebra I,             312,    95.83
2013-2014,2,Albemarle County ,Mathematics,"White, not of Hispanic origin",8,SOL,Geometry,             210,100.00
2013-2014,2,Albemarle County ,Mathematics,"White, not of Hispanic origin",8,SOL,Mathematics,             155,    63.23
2013-2014,2,Albemarle County ,Mathematics,"Non-Hispanic, two or more races",8,SOL,Algebra I,              20,100.00
2013-2014,2,Albemarle County ,Mathematics,"Non-Hispanic, two or more races",8,SOL,Geometry,              12,100.00
2013-2014,2,Albemarle County ,Mathematics,"Non-Hispanic, two or more races",8,SOL,Mathematics,              18,    55.56
2014-2015,2,Albemarle County ,Mathematics,American Indian or Alaska Native,8,SOL,Mathematics,<,<50
2014-2015,2,Albemarle County ,Mathematics,Asian,8,SOL,Algebra I,              16,100.00
2014-2015,2,Albemarle County ,Mathematics,Asian,8,SOL,Geometry,              20,100.00
2014-2015,2,Albemarle County ,Mathematics,Asian,8,SOL,Mathematics,<,>50
2014-2015,2,Albemarle County ,Mathematics,"Black, not of Hispanic origin",8,SOL,Algebra I,              26,    92.31
2014-2015,2,Albemarle County ,Mathematics,"Black, not of Hispanic origin",8,SOL,Geometry,<,>50
2014-2015,2,Albemarle County ,Mathematics,"Black, not of Hispanic origin",8,SOL,Mathematics,              69,    50.72
2014-2015,2,Albemarle County ,Mathematics,Hispanic,8,SOL,Algebra I,              32,100.00
2014-2015,2,Albemarle County ,Mathematics,Hispanic,8,SOL,Geometry,<,>50
2014-2015,2,Albemarle County ,Mathematics,Hispanic,8,SOL,Mathematics,              46,    45.65
2014-2015,2,Albemarle County ,Mathematics,"White, not of Hispanic origin",8,SOL,Algebra I,             302,    96.36
2014-2015,2,Albemarle County ,Mathematics,"White, not of Hispanic origin",8,SOL,Geometry,             181,100.00
2014-2015,2,Albemarle County ,Mathematics,"White, not of Hispanic origin",8,SOL,Mathematics,             180,    61.11
2014-2015,2,Albemarle County ,Mathematics,Native Hawaiian  or Pacific Islander,8,SOL,Algebra I,<,>50
2014-2015,2,Albemarle County ,Mathematics,"Non-Hispanic, two or more races",8,SOL,Algebra I,              16,100.00
2014-2015,2,Albemarle County ,Mathematics,"Non-Hispanic, two or more races",8,SOL,Geometry,              14,100.00
2014-2015,2,Albemarle County ,Mathematics,"Non-Hispanic, two or more races",8,SOL,Mathematics,              11,    72.73
2015-2016,2,Albemarle County ,Mathematics,Asian,8,SOL,Algebra I,              16,100.00
2015-2016,2,Albemarle County ,Mathematics,Asian,8,SOL,Geometry,              19,100.00
2015-2016,2,Albemarle County ,Mathematics,Asian,8,SOL,Mathematics,              11,    63.64
2015-2016,2,Albemarle County ,Mathematics,"Black, not of Hispanic origin",8,SOL,Algebra I,              22,    77.27
2015-2016,2,Albemarle County ,Mathematics,"Black, not of Hispanic origin",8,SOL,Geometry,<,>50
2015-2016,2,Albemarle County ,Mathematics,"Black, not of Hispanic origin",8,SOL,Mathematics,              80,    42.50
2015-2016,2,Albemarle County ,Mathematics,Hispanic,8,SOL,Algebra I,              26,    88.46
2015-2016,2,Albemarle County ,Mathematics,Hispanic,8,SOL,Geometry,              12,100.00
2015-2016,2,Albemarle County ,Mathematics,Hispanic,8,SOL,Mathematics,              51,    41.18
2015-2016,2,Albemarle County ,Mathematics,"White, not of Hispanic origin",8,SOL,Algebra I,             275,    94.91
2015-2016,2,Albemarle County ,Mathematics,"White, not of Hispanic origin",8,SOL,Geometry,             205,100.00
2015-2016,2,Albemarle County ,Mathematics,"White, not of Hispanic origin",8,SOL,Mathematics,             191,    68.59
2015-2016,2,Albemarle County ,Mathematics,"Non-Hispanic, two or more races",8,SOL,Algebra I,              15,    93.33
2015-2016,2,Albemarle County ,Mathematics,"Non-Hispanic, two or more races",8,SOL,Geometry,              12,100.00
2015-2016,2,Albemarle County ,Mathematics,"Non-Hispanic, two or more races",8,SOL,Mathematics,              24,    45.83
2016-2017,2,Albemarle County ,Mathematics,American Indian or Alaska Native,8,SOL,Mathematics,<,>50
2016-2017,2,Albemarle County ,Mathematics,Asian,8,SOL,Algebra I,              17,    88.24
2016-2017,2,Albemarle County ,Mathematics,Asian,8,SOL,Geometry,              32,100.00
2016-2017,2,Albemarle County ,Mathematics,Asian,8,SOL,Mathematics,<,>50
2016-2017,2,Albemarle County ,Mathematics,"Black, not of Hispanic origin",8,SOL,Algebra I,              20,    80.00
2016-2017,2,Albemarle County ,Mathematics,"Black, not of Hispanic origin",8,SOL,Geometry,<,>50
2016-2017,2,Albemarle County ,Mathematics,"Black, not of Hispanic origin",8,SOL,Mathematics,              80,    55.00
2016-2017,2,Albemarle County ,Mathematics,Hispanic,8,SOL,Algebra I,              30,    93.33
2016-2017,2,Albemarle County ,Mathematics,Hispanic,8,SOL,Geometry,              12,100.00
2016-2017,2,Albemarle County ,Mathematics,Hispanic,8,SOL,Mathematics,              71,    69.01
2016-2017,2,Albemarle County ,Mathematics,"White, not of Hispanic origin",8,SOL,Algebra I,             276,    96.01
2016-2017,2,Albemarle County ,Mathematics,"White, not of Hispanic origin",8,SOL,Geometry,             186,100.00
2016-2017,2,Albemarle County ,Mathematics,"White, not of Hispanic origin",8,SOL,Mathematics,             147,    70.07
2016-2017,2,Albemarle County ,Mathematics,"Non-Hispanic, two or more races",8,SOL,Algebra I,              14,    92.86
2016-2017,2,Albemarle County ,Mathematics,"Non-Hispanic, two or more races",8,SOL,Geometry,              14,100.00
2016-2017,2,Albemarle County ,Mathematics,"Non-Hispanic, two or more races",8,SOL,Mathematics,              22,    59.09
2017-2018,2,Albemarle County ,Mathematics,American Indian or Alaska Native,8,SOL,Algebra I,<,>50
2017-2018,2,Albemarle County ,Mathematics,American Indian or Alaska Native,8,SOL,Mathematics,<,<50
2017-2018,2,Albemarle County ,Mathematics,Asian,8,SOL,Algebra I,              17,100.00
2017-2018,2,Albemarle County ,Mathematics,Asian,8,SOL,Geometry,              18,100.00
2017-2018,2,Albemarle County ,Mathematics,Asian,8,SOL,Mathematics,<,>50
2017-2018,2,Albemarle County ,Mathematics,"Black, not of Hispanic origin",8,SOL,Algebra I,              27,100.00
2017-2018,2,Albemarle County ,Mathematics,"Black, not of Hispanic origin",8,SOL,Geometry,<,>50
2017-2018,2,Albemarle County ,Mathematics,"Black, not of Hispanic origin",8,SOL,Mathematics,              65,    38.46
2017-2018,2,Albemarle County ,Mathematics,Hispanic,8,SOL,Algebra I,              28,    92.86
2017-2018,2,Albemarle County ,Mathematics,Hispanic,8,SOL,Geometry,<,>50
2017-2018,2,Albemarle County ,Mathematics,Hispanic,8,SOL,Mathematics,              83,    55.42
2017-2018,2,Albemarle County ,Mathematics,"White, not of Hispanic origin",8,SOL,Algebra I,             271,    93.36
2017-2018,2,Albemarle County ,Mathematics,"White, not of Hispanic origin",8,SOL,Geometry,             201,100.00
2017-2018,2,Albemarle County ,Mathematics,"White, not of Hispanic origin",8,SOL,Mathematics,             180,    61.67
2017-2018,2,Albemarle County ,Mathematics,Native Hawaiian  or Pacific Islander,8,SOL,Mathematics,<,>50
2017-2018,2,Albemarle County ,Mathematics,"Non-Hispanic, two or more races",8,SOL,Algebra I,              20,100.00
2017-2018,2,Albemarle County ,Mathematics,"Non-Hispanic, two or more races",8,SOL,Geometry,              12,100.00
2017-2018,2,Albemarle County ,Mathematics,"Non-Hispanic, two or more races",8,SOL,Mathematics,              20,    60.00
2018-2019,2,Albemarle County ,Mathematics,American Indian or Alaska Native,8,SOL,Mathematics,<,>50
2018-2019,2,Albemarle County ,Mathematics,Asian,8,SOL,Algebra I,              20,100.00
2018-2019,2,Albemarle County ,Mathematics,Asian,8,SOL,Geometry,              25,100.00
2018-2019,2,Albemarle County ,Mathematics,Asian,8,SOL,Mathematics,<,>50
2018-2019,2,Albemarle County ,Mathematics,"Black, not of Hispanic origin",8,SOL,Algebra I,              26,    96.15
2018-2019,2,Albemarle County ,Mathematics,"Black, not of Hispanic origin",8,SOL,Geometry,              11,100.00
2018-2019,2,Albemarle County ,Mathematics,"Black, not of Hispanic origin",8,SOL,Mathematics,              83,    59.04
2018-2019,2,Albemarle County ,Mathematics,Hispanic,8,SOL,Algebra I,              27,100.00
2018-2019,2,Albemarle County ,Mathematics,Hispanic,8,SOL,Geometry,<,>50
2018-2019,2,Albemarle County ,Mathematics,Hispanic,8,SOL,Mathematics,              61,    68.85
2018-2019,2,Albemarle County ,Mathematics,"White, not of Hispanic origin",8,SOL,Algebra I,             307,    97.72
2018-2019,2,Albemarle County ,Mathematics,"White, not of Hispanic origin",8,SOL,Geometry,             209,100.00
2018-2019,2,Albemarle County ,Mathematics,"White, not of Hispanic origin",8,SOL,Mathematics,             162,    68.52
2018-2019,2,Albemarle County ,Mathematics,Native Hawaiian  or Pacific Islander,8,SOL,Mathematics,<,<50
2018-2019,2,Albemarle County ,Mathematics,"Non-Hispanic, two or more races",8,SOL,Algebra I,              21,    95.24
2018-2019,2,Albemarle County ,Mathematics,"Non-Hispanic, two or more races",8,SOL,Geometry,              16,100.00
2018-2019,2,Albemarle County ,Mathematics,"Non-Hispanic, two or more races",8,SOL,Mathematics,              25,    56.00
2020-2021,2,Albemarle County ,Mathematics,Asian,8,SOL,Algebra I,              10,    60.00
2020-2021,2,Albemarle County ,Mathematics,Asian,8,SOL,Geometry,              24,100.00
2020-2021,2,Albemarle County ,Mathematics,Asian,8,SOL,Mathematics,<,<50
2020-2021,2,Albemarle County ,Mathematics,"Black, not of Hispanic origin",8,SOL,Algebra I,              15,    66.67
2020-2021,2,Albemarle County ,Mathematics,"Black, not of Hispanic origin",8,SOL,Geometry,<,>50
2020-2021,2,Albemarle County ,Mathematics,"Black, not of Hispanic origin",8,SOL,Mathematics,              13,<50
2020-2021,2,Albemarle County ,Mathematics,Hispanic,8,SOL,Algebra I,              28,    71.43
2020-2021,2,Albemarle County ,Mathematics,Hispanic,8,SOL,Geometry,<,>50
2020-2021,2,Albemarle County ,Mathematics,Hispanic,8,SOL,Mathematics,              19,<50
2020-2021,2,Albemarle County ,Mathematics,"White, not of Hispanic origin",8,SOL,Algebra I,             145,    73.79
2020-2021,2,Albemarle County ,Mathematics,"White, not of Hispanic origin",8,SOL,Geometry,             105,    95.24
2020-2021,2,Albemarle County ,Mathematics,"White, not of Hispanic origin",8,SOL,Mathematics,              21,    38.10
2020-2021,2,Albemarle County ,Mathematics,"Non-Hispanic, two or more races",8,SOL,Algebra I,              10,    60.00
2020-2021,2,Albemarle County ,Mathematics,"Non-Hispanic, two or more races",8,SOL,Geometry,<,>50
2020-2021,2,Albemarle County ,Mathematics,"Non-Hispanic, two or more races",8,SOL,Mathematics,<,<50
2021-2022,2,Albemarle County ,Mathematics,American Indian or Alaska Native,8,SOL,Algebra I,<,>50
2021-2022,2,Albemarle County ,Mathematics,American Indian or Alaska Native,8,SOL,Geometry,<,>50
2021-2022,2,Albemarle County ,Mathematics,American Indian or Alaska Native,8,SOL,Mathematics,<,<50
2021-2022,2,Albemarle County ,Mathematics,Asian,8,SOL,Algebra I,              16,100.00
2021-2022,2,Albemarle County ,Mathematics,Asian,8,SOL,Geometry,              27,100.00
2021-2022,2,Albemarle County ,Mathematics,Asian,8,SOL,Mathematics,<,<50
2021-2022,2,Albemarle County ,Mathematics,"Black, not of Hispanic origin",8,SOL,Algebra I,              35,    82.86
2021-2022,2,Albemarle County ,Mathematics,"Black, not of Hispanic origin",8,SOL,Geometry,<,>50
2021-2022,2,Albemarle County ,Mathematics,"Black, not of Hispanic origin",8,SOL,Mathematics,              77,    16.88
2021-2022,2,Albemarle County ,Mathematics,Hispanic,8,SOL,Algebra I,              56,    87.50
2021-2022,2,Albemarle County ,Mathematics,Hispanic,8,SOL,Geometry,<,>50
2021-2022,2,Albemarle County ,Mathematics,Hispanic,8,SOL,Mathematics,              99,    25.25
2021-2022,2,Albemarle County ,Mathematics,"White, not of Hispanic origin",8,SOL,Algebra I,             213,    86.38
2021-2022,2,Albemarle County ,Mathematics,"White, not of Hispanic origin",8,SOL,Geometry,             238,    98.32
2021-2022,2,Albemarle County ,Mathematics,"White, not of Hispanic origin",8,SOL,Mathematics,             176,    38.64
2021-2022,2,Albemarle County ,Mathematics,Native Hawaiian  or Pacific Islander,8,SOL,Geometry,<,>50
2021-2022,2,Albemarle County ,Mathematics,"Non-Hispanic, two or more races",8,SOL,Algebra I,              20,100.00
2021-2022,2,Albemarle County ,Mathematics,"Non-Hispanic, two or more races",8,SOL,Geometry,              19,100.00
2021-2022,2,Albemarle County ,Mathematics,"Non-Hispanic, two or more races",8,SOL,Mathematics,              36,    38.89
2022-2023,2,Albemarle County ,Mathematics,American Indian or Alaska Native,8,SOL,Algebra I,<,>50
2022-2023,2,Albemarle County ,Mathematics,Asian,8,SOL,Algebra I,              19,    94.74
2022-2023,2,Albemarle County ,Mathematics,Asian,8,SOL,Geometry,              24,100.00
2022-2023,2,Albemarle County ,Mathematics,Asian,8,SOL,Mathematics,              16,<50
2022-2023,2,Albemarle County ,Mathematics,"Black, not of Hispanic origin",8,SOL,Algebra I,              27,    81.48
2022-2023,2,Albemarle County ,Mathematics,"Black, not of Hispanic origin",8,SOL,Geometry,<,>50
2022-2023,2,Albemarle County ,Mathematics,"Black, not of Hispanic origin",8,SOL,Mathematics,              88,    25.00
2022-2023,2,Albemarle County ,Mathematics,Hispanic,8,SOL,Algebra I,              40,    85.00
2022-2023,2,Albemarle County ,Mathematics,Hispanic,8,SOL,Geometry,              10,100.00
2022-2023,2,Albemarle County ,Mathematics,Hispanic,8,SOL,Mathematics,             114,    27.19
2022-2023,2,Albemarle County ,Mathematics,"White, not of Hispanic origin",8,SOL,Algebra I,             215,    92.56
2022-2023,2,Albemarle County ,Mathematics,"White, not of Hispanic origin",8,SOL,Geometry,             217,    99.08
2022-2023,2,Albemarle County ,Mathematics,"White, not of Hispanic origin",8,SOL,Mathematics,             181,    51.93
2022-2023,2,Albemarle County ,Mathematics,Native Hawaiian  or Pacific Islander,8,SOL,Algebra I,<,>50
2022-2023,2,Albemarle County ,Mathematics,"Non-Hispanic, two or more races",8,SOL,Algebra I,              19,    84.21
2022-2023,2,Albemarle County ,Mathematics,"Non-Hispanic, two or more races",8,SOL,Geometry,              14,100.00
2022-2023,2,Albemarle County ,Mathematics,"Non-Hispanic, two or more races",8,SOL,Mathematics,              35,    31.43
2023-2024,2,Albemarle County ,Mathematics,Asian,8,SOL,Algebra I,              10,100.00
2023-2024,2,Albemarle County ,Mathematics,Asian,8,SOL,Geometry,              21,100.00
2023-2024,2,Albemarle County ,Mathematics,Asian,8,SOL,Mathematics,              17,<50
2023-2024,2,Albemarle County ,Mathematics,"Black, not of Hispanic origin",8,SOL,Algebra I,              17,    82.35
2023-2024,2,Albemarle County ,Mathematics,"Black, not of Hispanic origin",8,SOL,Geometry,              10,    80.00
2023-2024,2,Albemarle County ,Mathematics,"Black, not of Hispanic origin",8,SOL,Mathematics,              76,    30.26
2023-2024,2,Albemarle County ,Mathematics,Hispanic,8,SOL,Algebra I,              31,    83.87
2023-2024,2,Albemarle County ,Mathematics,Hispanic,8,SOL,Geometry,              25,    80.00
2023-2024,2,Albemarle County ,Mathematics,Hispanic,8,SOL,Mathematics,             109,    32.11
2023-2024,2,Albemarle County ,Mathematics,"White, not of Hispanic origin",8,SOL,Algebra I,             170,    92.94
2023-2024,2,Albemarle County ,Mathematics,"White, not of Hispanic origin",8,SOL,Geometry,             224,    98.21
2023-2024,2,Albemarle County ,Mathematics,"White, not of Hispanic origin",8,SOL,Mathematics,             174,    54.02
2023-2024,2,Albemarle County ,Mathematics,"Non-Hispanic, two or more races",8,SOL,Algebra I,              12,    75.00
2023-2024,2,Albemarle County ,Mathematics,"Non-Hispanic, two or more races",8,SOL,Geometry,              17,    94.12
2023-2024,2,Albemarle County ,Mathematics,"Non-Hispanic, two or more races",8,SOL,Mathematics,              27,    25.93
2024-2025,2,Albemarle County ,Mathematics,American Indian or Alaska Native,8,SOL,Algebra I,<,>50
2024-2025,2,Albemarle County ,Mathematics,Asian,8,SOL,Algebra I,              17,100.00
2024-2025,2,Albemarle County ,Mathematics,Asian,8,SOL,Geometry,              26,100.00
2024-2025,2,Albemarle County ,Mathematics,Asian,8,SOL,Mathematics,              14,    50.00
2024-2025,2,Albemarle County ,Mathematics,"Black, not of Hispanic origin",8,SOL,Algebra I,              21,    76.19
2024-2025,2,Albemarle County ,Mathematics,"Black, not of Hispanic origin",8,SOL,Geometry,              10,    80.00
2024-2025,2,Albemarle County ,Mathematics,"Black, not of Hispanic origin",8,SOL,Mathematics,              80,    40.00
2024-2025,2,Albemarle County ,Mathematics,Hispanic,8,SOL,Algebra I,              33,    75.76
2024-2025,2,Albemarle County ,Mathematics,Hispanic,8,SOL,Geometry,              21,    90.48
2024-2025,2,Albemarle County ,Mathematics,Hispanic,8,SOL,Mathematics,             143,    37.06
2024-2025,2,Albemarle County ,Mathematics,"White, not of Hispanic origin",8,SOL,Algebra I,             199,    91.96
2024-2025,2,Albemarle County ,Mathematics,"White, not of Hispanic origin",8,SOL,Geometry,             179,    97.21
2024-2025,2,Albemarle County ,Mathematics,"White, not of Hispanic origin",8,SOL,Mathematics,             159,    57.86
2024-2025,2,Albemarle County ,Mathematics,"Non-Hispanic, two or more races",8,SOL,Algebra I,              15,    80.00
2024-2025,2,Albemarle County ,Mathematics,"Non-Hispanic, two or more races",8,SOL,Geometry,              31,100.00
2024-2025,2,Albemarle County ,Mathematics,"Non-Hispanic, two or more races",8,SOL,Mathematics,              27,    48.15
